{"x":32354,"y":21205,"tile":[53.471700485728,-2.274169921875],"tile_m":[-253159.4376805,7070730.8644919],"water":[{"type":"polygon","coords":[[[436.42715918421,611.49622844718],[485.5279601833,570.88357557729],[498.6681128765,554.16494832281],[509.41823610241,527.89381728321],[526.13731042464,455.6253171498],[537.48744570595,404.27358860988],[538.95797617931,384.13413505536],[532.10737471588,379.19510813896],[533.30739882667,366.66518888064],[544.65753410794,323.67432453576],[562.23822128889,291.56380456686],[590.30743089243,252.15390148945],[611.49598277002,222.87079359777],[611.49598277002,276.2565598879],[597.78810067376,295.28541486803],[578.66786493509,324.27464227565],[560.75767206136,353.22449082788],[550.90812351595,371.13481906895],[547.62753812232,382.4846761981],[547.92810074743,402.49509495217],[556.28819450602,421.29362182226],[551.79756624743,460.71390583459],[546.13808333551,505.50494022481],[538.36798287812,536.53367777728],[530.30733854976,554.14437728468],[510.11732250461,578.6650185911],[489.10799500719,598.93488446344],[472.30877065158,611.49622844718],[436.42715918421,611.49622844718]]]},{"type":"polygon","coords":[[[77.157974182686,575.85427473858],[190.07712605863,446.76469445601],[204.69782797943,463.67429973092],[106.27803977931,572.43388049863],[86.708073297836,573.55406445358],[77.157974182686,575.85427473858]]]},{"type":"polygon","coords":[[[0.00020872408640571,504.70453482587],[24.368045258685,479.45432135649],[63.177359333931,436.79507950414],[95.058148302254,425.09371656179],[98.927613802196,420.84479162097],[114.44777720861,386.00426940061],[124.66801965836,373.45378938131],[217.25800612569,280.86463274527],[242.82809316085,262.72407074831],[274.60758139254,239.14501851145],[311.77715936836,207.12392504327],[315.2981948622,199.98358883988],[324.36739377709,208.86505895294],[332.44807561382,201.15432015248],[324.73808768147,191.22367048543],[345.1574218777,172.9538609013],[349.02800057258,172.33482986968],[375.77807421022,152.38367692847],[373.1175383802,148.98367229849],[454.92734535912,89.805030578747],[510.73737206831,52.664564230479],[595.72646370425,0.00079902540892363],[611.49598277002,0.00079902540892363],[611.49598277002,97.800148265436],[555.4978261214,135.96526926104],[535.66737203146,150.7940159766],[417.85795492496,248.11434263457],[191.89719973312,438.72504533269],[190.07712605863,446.76469445601],[77.157974182686,575.85427473858],[65.627501326351,581.78432598617],[58.37726289095,587.06358264107],[41.257438401866,605.18470257986],[35.550088108896,611.49622844718],[0.00020872408640571,611.49622844718],[0.00020872408640571,504.70453482587]]]},{"type":"point","coords":[[253159.4376805,7070730.8644919],[253159.4376805,7070730.8644919]]},{"type":"linestring","coords":[[611.49598277002,43.590287213214],[578.62778991842,65.643829488195],[368.42764823313,227.60419893079],[161.24760433301,409.68387232628],[37.937891186448,544.79389924556],[0.00020872408640571,588.93179908395]]},{"type":"linestring","coords":[[454.90508146095,611.49622844718],[487.69757705886,586.12479903363],[507.4478811154,564.13441586029],[519.11750333523,548.92494179867],[526.83751002172,530.93460042216],[532.12741222428,499.05494211987],[538.46817041983,464.77392776124],[543.11798555026,434.38449168485],[542.25748588645,403.06361452304],[543.86716572332,371.94458861742],[550.99717910861,344.54515777808],[564.95775644903,315.46436702274],[593.34756618601,274.24426750187],[611.49598277002,249.94523553457]]},{"type":"point","coords":[[253159.4376805,7070730.8644919],[253159.4376805,7070730.8644919]]},{"type":"multilinestring","coords":[[[0.00020872408640571,504.67087291554],[24.312385513331,479.48985348083],[63.187378088129,436.73897583969],[95.062601081852,425.1142879324],[98.937632556423,420.86536300462],[114.43775845441,385.98930832557],[124.68805716667,373.48932199087],[217.31255267613,280.86463274527],[242.81250843214,262.73903205525],[274.56305359618,239.11509581283],[311.81278160546,207.11457416229],[315.312666396,199.98919937015],[324.31284722665,208.86505895294],[332.43805685962,201.11504642013],[324.6879939106,191.23863192648],[345.1874781402,172.98939440493],[349.06250961468,172.36475282349],[375.81258325232,152.36497503333],[373.06299182973,148.98928286508],[454.93736411328,89.864877100103],[510.68727829747,52.614068486728],[595.68082271304,0.00079902540892363]],[[611.49598277002,97.796407859772],[555.43771359633,135.98958177119],[535.68740953979,150.73978048004],[417.81231393371,248.11434263457],[191.93727474983,438.74000630714],[190.06265452484,446.74038289674]],[[77.188030445192,575.86362518463],[65.687613851362,581.73944387399],[58.43737541599,587.11407498457],[41.31309814725,605.23893497232],[35.649162455695,611.49622844718]]]},{"type":"multilinestring","coords":[[[436.40934806564,611.49622844718],[485.56246922541,570.86487467308],[498.68815038484,554.11445578001],[509.43716041587,527.8638956733],[526.18740419552,455.61409644969],[537.43735193505,404.23992627021],[538.93793867098,384.11356357578],[532.06284691961,379.2399913948],[533.31296480118,366.61469514482],[544.68759037045,323.61447976716],[562.18812751808,291.61429878138],[590.312996867,252.11462801136],[611.49598277002,222.83713048976]],[[611.49598277002,276.29770341422],[597.81259096172,295.23866098654],[578.68790244349,324.23910945095],[560.81221861186,353.23945196439],[550.93817977846,371.11424755491],[547.68765064733,382.49028660916],[547.9381195016,402.48948456161],[556.31268479401,421.23938817438],[551.81315097614,460.74008746631],[546.18817710632,505.48997937515],[538.31232313273,536.48879541364],[530.31290452435,554.11445578001],[510.06277595411,578.61452620011],[489.06235401591,598.98911689501],[472.38669429513,611.49622844718]]]},{"type":"linestring","coords":[[190.06265452484,446.74038289674],[204.68780922526,463.61445602588],[106.31254882141,572.48998320196],[86.688035789499,573.61390732229],[77.188030445192,575.86362518463]]}],"buildings":[{"type":"polygon","coords":[[[6.3476460890961,252.28481308091],[92.907455740118,166.67377947643],[152.54798612752,226.98517215345],[65.978157722333,312.60490602627],[6.3476460890961,252.28481308091]]]},{"type":"polygon","coords":[[[81.291962622665,371.54437919986],[24.122724930872,314.77428136766],[35.098130976228,374.42439047061],[22.072219910449,431.20528241806],[81.291962622665,371.54437919986]]]},{"type":"polygon","coords":[[[303.44823506728,14.135972702876],[349.81725576229,62.404844263569],[357.01740042679,54.316061363555],[371.15720214733,38.376040019095],[401.54742313395,4.1751424884424],[338.69755182695,54.084055512212],[327.58786664574,40.654049430974],[339.08717004475,30.313621248119],[303.44823506728,14.135972702876]]]},{"type":"polygon","coords":[[[61.208117541828,80.60362200439],[80.137996951235,61.493833292276],[92.628043818229,73.854045404121],[170.71755341481,5.0354465171695],[188.55761500931,12.604507933371],[91.528207249183,110.6241132021],[61.208117541828,80.60362200439]]]},{"type":"polygon","coords":[[[319.16766036217,119.99380468763],[354.0273589041,96.244140024297],[337.1780407776,70.564349426888],[349.42763754452,62.503746949136],[399.24756245414,119.59358255565],[344.06760406282,159.07521093823],[319.16766036217,119.99380468763]]]},{"type":"polygon","coords":[[[7.2281832612643,158.98357174639],[54.817265575402,111.3852841584],[71.848034471855,128.40407522488],[24.257838962832,176.00413094088],[7.2281832612643,158.98357174639]]]},{"type":"polygon","coords":[[[44.572115389601,127.71397330891],[18.428037229954,67.514038873836],[31.027177197946,80.713964165188],[31.971862226696,140.90444752853],[44.572115389601,127.71397330891]]]},{"type":"polygon","coords":[[[406.49780088948,0.74514863919467],[422.93746328983,15.145896095783],[431.04820138903,5.8957506353036],[427.3779977776,2.6752213267609],[437.98785844506,9.4251297283918],[425.20726770713,20.605314048938],[406.49780088948,0.74514863919467]]]},{"type":"polygon",