{"x":32354,"y":21206,"tile":[53.468430720012,-2.274169921875],"tile_m":[-253159.4376805,7070119.3682657],"water":[{"type":"polygon","coords":[[[0.00020872408640571,413.98025717959],[30.457221405086,394.80916352104],[89.857301692362,354.20788059104],[116.04743829134,333.87911121175],[130.76721455893,324.62820425443],[155.92764586801,304.25821891893],[167.94792448389,291.52905530017],[171.98770880475,287.2485959623],[179.82794054132,274.41842418071],[182.90815085161,271.2580959294],[182.66770075145,267.94816499017],[169.51752930408,253.09833920375],[138.79780262473,217.86892846972],[141.46724401397,213.9586954657],[144.67769812845,211.44911402836],[176.27796197991,248.40832422208],[181.77714482512,253.9585489817],[185.15791776046,255.35919471085],[187.45777844029,257.60882946197],[188.41735245092,261.62750207726],[190.82741942658,263.09733715281],[215.44795120537,250.38867777586],[234.80752384922,229.98858149443],[263.89753318328,192.31867200136],[288.02714600769,159.87909665611],[340.32726917212,88.718018876389],[350.45734283436,80.41868784558],[367.29775540152,57.177522671409],[436.42715918421,2.1643936634064e-6],[472.30877065158,2.1643936634064e-6],[465.51716851827,5.0791405243799],[414.15769505099,43.598950758576],[379.81785853108,73.159103651531],[368.47774200398,85.98773067072],[323.38778225816,146.89911529981],[282.78733757604,203.33878465835],[261.42735368261,233.62765283696],[247.27753320787,248.40832422208],[231.69725727645,262.16793765128],[229.60779043427,265.15809783805],[214.67762032905,290.53794870619],[209.07713674725,297.11852013692],[180.04723993817,320.09905202128],[148.17758291896,343.99768740591],[116.2277758664,367.87755089626],[58.298226052517,408.79853129666],[14.707739847683,438.93888727669],[0.00020872408640571,447.93534435425],[0.00020872408640571,413.98025717959]]]},{"type":"polygon","coords":[[[0.00020872408640571,51.621550106443],[27.087580418796,21.029035103507],[29.387441098574,23.978144473396],[33.338169826806,25.958554020151],[69.508098775405,25.247925529256],[55.818027797621,103.28764369618],[0.00020872408640571,105.81970001757],[0.00020872408640571,51.621550106443]]]},{"type":"polygon","coords":[[[35.550088108896,2.1643936634064e-6],[25.767331257957,10.818413351662],[25.117225431721,15.747938608751],[25.767331257957,18.708270396106],[27.087580418796,21.029035103507],[0.00020872408640571,51.621550106443],[0.00020872408640571,2.1643936634064e-6],[35.550088108896,2.1643936634064e-6]]]},{"type":"polygon","coords":[[[0.00020872408640571,168.17647457216],[168.49784276835,158.45786359534],[170.43814149292,181.43879691977],[145.57715961404,208.83855007123],[144.67769812845,211.44911402836],[141.46724401397,213.9586954657],[138.79780262473,217.86892846972],[136.66714757096,217.93811956514],[130.23733378274,226.37755890004],[120.16737264561,233.89880659524],[108.91742490605,238.54768959712],[99.627813399333,239.63791398052],[64.128027785307,240.17835105397],[0.00020872408640571,243.69212614838],[0.00020872408640571,168.17647457216]]]},{"type":"point","coords":[[253159.4376805,7070119.3682657],[253159.4376805,7070119.3682657]]},{"type":"point","coords":[[253159.4376805,7070119.3682657],[253159.4376805,7070119.3682657]]},{"type":"linestring","coords":[[200.86732430127,282.02751704678],[183.41799411937,262.18850786705]]},{"type":"linestring","coords":[[0.00020872408640571,428.39968660008],[121.49764056056,348.39779607579],[165.32746367058,315.25760609284],[200.86732430127,282.02751704678],[220.16789761494,263.24880869687],[242.62771807742,239.53880267497],[320.3376282104,133.74893821217],[372.08783309042,68.44841163978],[394.71797237374,46.419016905129],[426.97724761072,21.608758657239],[454.90508146095,2.1643936634064e-6]]},{"type":"linestring","coords":[[183.41799411937,262.18850786705],[151.44814955848,226.24852698669]]},{"type":"point","coords":[[253159.4376805,7070119.3682657],[253159.4376805,7070119.3682657]]},{"type":"linestring","coords":[[151.44814955848,226.24852698669],[141.46724401397,213.9586954657],[92.678137589071,200.17842810228],[0.00020872408640571,202.61134175211]]},{"type":"linestring","coords":[[35.649162455695,2.1643936634064e-6],[25.812972249201,10.868905466981],[25.062678881281,15.744198456407],[25.812972249201,18.743801850826],[27.063090130803,20.993503658101]]},{"type":"multilinestring","coords":[[[0.00020872408640571,414.00269697793],[30.437183896749,394.86900313292],[89.81277389609,354.24341054074],[116.06302302002,333.86789119523],[130.81285555009,324.61885423679],[155.93766462218,304.24325884413],[167.93790572969,291.49352506828],[171.93761503391,287.24298591912],[179.81235581258,274.36793374177],[182.93820711406,271.24313579127],[182.68773825985,267.99304542411],[169.5631702953,253.11890943814],[138.81227415858,217.86892846972]],[[144.68771688262,211.49399477057],[176.31247102207,248.3690537503],[181.81276706216,253.99407938402],[185.18797402302,255.36854481511],[187.43774093199,257.61817955784],[188.43738995926,261.61815198138],[190.81294789285,263.11790736485],[215.4379324512,250.36810752936],[234.81308982376,229.99419157486],[263.93760819998,192.36916296557],[288.06276824471,159.86787639931],[340.31279763838,88.744199718349],[350.43730532602,80.368196167983],[367.31222693535,57.117680508643],[436.40934806564,2.1643936634064e-6]],[[472.38669429513,2.1643936634064e-6],[465.56280950949,5.1184121975675],[414.18775131347,43.617651463486],[379.81229255651,73.117962246761],[368.43766698724,85.993340855464],[323.43787602903,146.8691945551],[282.81294105892,203.3687051814],[261.43737243678,233.61830270384],[247.31315544492,248.3690537503],[231.68723852225,262.11744712666],[229.56214944302,265.1188274473],[214.68763908325,290.49306841008],[209.06266521342,297.11852013692],[180.06282466691,320.11775208171],[148.18760167315,343.99394740816],[116.1877008497,367.86820092425],[58.312697586283,408.74243175797],[14.687702339288,438.99311662745],[0.00020872408640571,447.93721433356]]]},{"type":"multilinestring","coords":[[[0.00020872408640571,168.21200535819],[168.43773024337,158.49339443166],[170.43814149292,181.49302802887],[145.56268808024,208.86847058032],[144.68771688262,211.49399477057]],[[138.81227415858,217.86892846972],[136.68718507927,217.99235042837],[130.18724001187,226.36820875667],[120.18741015389,233.86888618208],[108.93746241435,238.49345887452],[99.687925924343,239.6173437126],[64.188140310376,240.11851026956],[0.00020872408640571,243.64724557661]]]},{"type":"linestring","coords":[[27.063090130803,20.993503658101],[29.437534869445,23.993105077185],[33.312566343928,25.994085443206],[69.562645325845,25.244185381569],[55.812461823109,103.24276233744],[0.00020872408640571,105.83653051592]]}],"buildings":[{"type":"polygon","coords":[[[125.55746238976,547.6380702192],[194.59781057978,482.97860727552],[291.09733756375,585.98882275913],[222.0581025687,650.67736546975],[125.55746238976,547.6380702192]]]},{"type":"polygon","coords":[[[501.74720999188,131.87888850458],[539.77728763156,82.518767238595],[666.73716688127,91.528718703426],[663.04803895645,143.329195939],[501.74720999188,131.87888850458]]]},{"type":"polygon","coords":[[[474.75779944903,220.8778056372],[496.60758910194,132.36884156894],[564.26757560606,139.37778516579],[554.96794534524,229.1788598448],[474.75779944903,220.8778056372]]]},{"type":"polygon","coords":[[[527.93734659077,491.14848983102],[536.57796546619,426.1688000625],[538.29785159891,412.64882883523],[622.83721249201,423.41805812623],[618.7172781378,454.69904274307],[609.11819844673,453.46859983727],[608.0072299286,462.14901516587],[601.77779122375,461.33744722605],[597.5175943111,494.8884195257],[588.7879198431,498.90884198342],[527.93734659077,491.14848983102]]]},{"type":"polygon",