{"x":32354,"y":21214,"tile":[53.442263525009,-2.274169921875],"tile_m":[-253159.4376805,7065227.3984554],"water":[],"buildings":[{"type":"polygon","coords":[[[201.39720507743,0.50928474310786],[212.127290795,4.2209757026285],[210.19812401955,8.6316517535597],[215.23755736771,10.851942147128],[219.04802353762,2.2212208481506],[229.29720905496,6.7608519941568],[233.75778105104,3.3481872305274],[229.48756538422,5.2376734418795],[237.60720904265,23.669017851353],[251.3373550371,17.608096805401],[258.1478814838,33.067828294821],[261.34720364923,31.668006168678],[277.12785466411,67.457773433998],[279.74720228248,66.317736339755],[284.69758003802,77.529339950532],[272.19751441688,83.038886986673],[275.30778098962,90.088410381228],[264.7279765846,94.758809632622],[262.8678278935,90.53881715145],[257.89741262959,92.729176680557],[251.81714204242,78.947843096219],[257.85733761289,76.279038551264],[240.24770736429,36.358997906558],[217.56747431008,46.357716061175],[209.72724257351,28.617925592698],[213.12805301725,27.128394396976],[201.39720507743,0.50928474310786]]]},{"type":"polygon","coords":[[[397.15809561196,34.492092770524],[434.55810493376,36.381588445976],[436.88802187605,9.5193858416751],[399.47799380007,11.427559846081],[397.15809561196,34.492092770524]]]},{"type":"polygon","coords":[[[255.46730814554,18.011822223663],[321.6378398629,22.942069684155],[322.03747683481,4.5723345540464],[319.6674848758,4.5723345540464],[320.84747147828,12.418090739287],[308.00788141013,13.599251938984],[306.62751972431,3.9724080180749],[302.07789213557,3.9724080180749],[302.67790419099,5.499323326163],[290.02755725721,6.0992491012439],[289.03792698408,2.4006380811334],[282.7172062968,2.200662618503],[282.91758138029,5.8992738500237],[270.67800336753,6.6991748325527],[269.68725989945,1.0213681738824],[267.11800605195,1.0213681738824],[266.91763096856,5.3610230935737],[264.1480020376,4.961072021164],[255.46730814554,18.011822223663]]]},{"type":"polygon","coords":[[[14.358196646586,21.542237926275],[87.147785286477,21.151630712673],[86.55779198528,4.8919216031209],[84.767774573324,4.8919216031209],[84.378156355553,3.6490846611559],[68.707711636554,3.2379204602912],[68.90808672001,5.4918482117355],[63.757333880989,5.6712655266747],[63.347678154852,3.2379204602912],[48.867238792474,2.4585773386061],[47.877608519368,4.8919216031209],[43.917974231852,5.4918482117355],[44.107217366167,4.2284523751587],[29.827153087186,4.4377723103389],[29.637909952842,4.5013152109459],[25.657124962105,4.5013152109459],[25.657124962105,7.8616521991789],[21.897865758016,7.8616521991789],[14.358196646586,21.542237926275]]]},{"type":"polygon","coords":[[[439.45727572357,37.891690156423],[480.89818256121,40.622208946384],[482.02807539274,23.631706508808],[458.66768024978,22.101049240679],[460.4076038909,4.1779913157225],[442.30816788279,5.3684983877465],[439.45727572357,37.891690156423]]]},{"type":"polygon","coords":[[[307.20749427137,24.848308455199],[320.9777152825,24.317534260452],[321.54767107536,38.979223951697],[332.23768177623,38.55871698074],[331.8580823126,28.599236365408],[340.47755048473,28.288995262235],[339.95768846272,14.847694289871],[355.29751429404,14.26832735911],[356.26822025373,39.308153841645],[342.49799924259,39.827713521197],[342.7072798853,45.398961018771],[323.43787602903,46.148397232406],[323.90764428017,58.258977638558],[308.50770592384,58.858899427578],[307.20749427137,24.848308455199]]]},{"type":"polygon","coords":[[[41.392830732511,18.772478095256],[38.402789209795,22.142165794969],[5.4722574433545,21.751558548771],[2.7026285124302,19.172429857776],[15.002319050167,13.02177200187],[4.0377666551212,19.108843337744],[11.032666008483,28.847803027369],[41.392830732511,18.772478095256]]]},{"type":"polygon","coords":[[[42.88715574707,100.62904344965],[86.807147644606,61.927657529712],[96.607715614082,73.058904138394],[52.697742470686,111.74902237952],[42.88715574707,100.62904344965]]]},{"type":"polygon","coords":[[[396.0872021105,19.389182009734],[436.54738423423,16.598877303302],[437.86763339504,35.648808103055],[397.39743251714,38.427892577834],[396.0872021105,19.389182009734]]]},{"type":"point","coords":[[253159.4376805,7065227.3984554],[253159.4376805,7065227.3984554]]},{"type":"polygon","coords":[[[6.8775268652826,56.16766113881],[20.79802918894,45.64752715081],[46.457171816815,79.607568454929],[32.537782688014,90.127657450736],[6.8775268652826,56.16766113881]]]},{"type":"polygon","coords":[[[527.64791591474,26.677984027192],[548.45798152362,25.579057380557],[549.74817442193,49.848854316399],[528.93810881305,50.95899110008],[527.64791591474,26.677984027192]]]},{"type":"polygon","coords":[[[85.957779929915,8.009292865172],[101.63713020814,6.6617986774072],[113.13754680197,4.8283782433718],[87.757816096011,30.017748252489],[85.957779929915,8.009292865172]]]},{"type":"polygon","coords":[[[525.40816775998,2.5707106748596],[545.02822801229,3.6920685321093],[546.37742024066,20.058256933466],[526.75735998835,21.159053267911],[525.40816775998,2.5707106748596]]]},{"type":"polygon","coords":[[[598.8478622261,13.001213745214],[617.38812341771,14.35245175194],[619.17814082967,10.549164427444],[600.63787963803,11.889184637927],[598.8478622261,13.001213745214]]]},{"type":"polygon","coords":[[[8.3721301785554,32.978120071813],[6.3877211057697,22.828002250753],[20.647747876414,43.569289762527],[5.8778778379201,53.719381068833],[8.3721301785554,32.978120071813]]]}],"roads":[{"type":"linestring","coords":[[130.1571837494,231.16913890094],[229.73803423849,142.22889824584]]},{"type":"linestring","coords":[[201.69776770257,309.00925362017],[131.708977451,611.49657063466]]},{"type":"linestring","coords":[[309.62758000116,404.29792621545],[254.16264371347,611.49657063466]]},{"type":"linestring","coords":[[501.5824571455,611.49657063466],[514.03799497033,562.06891979929]]},{"type":"linestring","coords":[[21.597303132876,0.00093285739421844],[34.987924680405,19.908742988482],[41.337588435243,24.078312076628],[49.46725084784,26.448106529191],[60.177299057104,27.64795486629],[82.197407530912,26.448106529191]]},{"type":"linestring","coords":[[122.62308061245,0.00093285739421844],[123.65723868198,1.0475362408906],[162.25727211451,47.237976443022]]},{"type":"linestring","coords":[[261.96280043331,0.00093285739421844],[271.0676215853,17.157685898244],[281.73759477786,24.268942251801],[318.08786130146,22.699046526104],[325.9882055631,9.8576615769416],[325.50730536281,0.00093285739421844]]},{"type":"linestring","coords":[[304.23749025699,229.89830406103],[317.65816806699,215.56775835529]]},{"type":"linestring","coords":[[506.17438614069,0.00093285739421844],[522.99810078429,220.94825709239]]},{"type":"linestring","coords":[[600.18814889528,440.96809953637],[607.79794928589,442.12863992155],[609.23285752223,442.9752175808]]},{"type":"linestring","coords":[[609.23285752223,442.9752175808],[611.49598277002,444.30768952798]]},{"type":"linestring","coords":[[0.00020872408640571,223.33107492793],[3.2173420079926,222.51811363176]]},{"type":"linestring","coords":[[421.01720207365,497.25878475793],[386.79091143433,611.49657063466]]},{"type":"linestring","coords":[[501.43774180746,396.76839102432],[512.64761453035,383.77810391877]]},{"type":"linestring","coords":[[229.73803423849,142.22889824584],[238.33746490226,133.94781779218]]},{"type":"linestring","coords":[[384.62797372829,108.58870726265],[336.5212557819,133.0507469466]]},{"type":"linestring","coords":[[336.5212557819,133.0507469466],[325.84794300466,138.47802401707],[287.84792162752,101.99895093031]]},{"type":"linestring","coords":[[53.488110855309,142.56903722696],[0.00020872408640571,75.12218251545]]},{"type":"linestring","coords":[[144.25802364812,61.357638604008],[162.25727211451,47.237976443022]]},{"type":"linestring",