{"x":32354,"y":21219,"tile":[53.425900839266,-2.274169921875],"tile_m":[-253159.4376805,7062169.917324],"water":[{"type":"polygon","coords":[[[0.00020872408640571,188.98009174783],[28.427867087914,198.29662580788],[86.947410203051,216.21789269894],[140.6980263326,246.06727675907],[188.47746497593,295.02764577512],[217.13778107558,292.63642596826],[275.65732419072,338.03772090934],[313.87775815968,345.18705148436],[381.95741914411,385.80753135681],[455.99712566563,419.2467881497],[513.32777661903,459.85754874535],[549.1581811207,465.8167900322],[584.9974911816,465.8167900322],[611.49598277002,478.71227399632],[611.49598277002,611.49549772218],[378.94734011305,611.49549772218],[355.67822695259,560.16648914944],[328.21793496367,539.86792954244],[286.41746617079,530.31641746499],[242.21806235131,524.34788413905],[223.10784536687,514.79822147544],[190.85747568912,521.94739293773],[150.25814420191,504.03802444413],[86.947410203051,504.03802444413],[45.148054605088,481.33694982808],[0.00020872408640571,463.47606037091],[0.00020872408640571,188.98009174783]]]},{"type":"polygon","coords":[[[0.00020872408640571,564.36592699029],[37.927872432221,592.547684188],[55.448447088187,611.49549772218],[0.26514911212143,611.49549772218],[0.00020872408640571,611.3236356657],[0.00020872408640571,564.36592699029]]]},{"type":"polygon","coords":[[[0.00020872408640571,188.98009174783],[28.427867087914,198.29662580788],[86.947410203051,216.21789269894],[140.6980263326,246.06727675907],[188.47746497593,295.02764577512],[217.13778107558,292.63642596826],[275.65732419072,338.03772090934],[313.87775815968,345.18705148436],[381.95741914411,385.80753135681],[455.99712566563,419.2467881497],[513.32777661903,459.85754874535],[549.1581811207,465.8167900322],[584.9974911816,465.8167900322],[611.49598277002,478.71227399632],[611.49598277002,611.49549772218],[378.94734011305,611.49549772218],[355.67822695259,560.16648914944],[328.21793496367,539.86792954244],[286.41746617079,530.31641746499],[242.21806235131,524.34788413905],[223.10784536687,514.79822147544],[190.85747568912,521.94739293773],[150.25814420191,504.03802444413],[86.947410203051,504.03802444413],[45.148054605088,481.33694982808],[0.00020872408640571,463.47606037091],[0.00020872408640571,321.50848881714],[26.047856374789,322.49673162308],[46.358097470016,278.30777347367],[0.00020872408640571,262.8600746952],[0.00020872408640571,188.98009174783]]]},{"type":"point","coords":[[253159.4376805,7062169.917324],[253159.4376805,7062169.917324]]},{"type":"linestring","coords":[[25.076037220104,611.49549772218],[23.437414315675,609.74698798545],[0.00020872408640571,592.0582497716]]},{"type":"multilinestring","coords":[[[0.00020872408640571,564.35845468193],[37.937891186448,592.54207997117],[55.442881113646,611.49549772218]],[[0.27850745103206,611.49549772218],[0.00020872408640571,611.31429534405]]]}],"buildings":[{"type":"polygon","coords":[[[572.21801363854,190.16824467573],[583.24754878634,139.61741099413],[601.93809129053,143.59662646521],[603.16817166377,139.15783950221],[612.04812744437,140.53655390069],[612.19729556201,145.27798451297],[626.59758489102,148.64817225002],[629.19800819596,134.55651857518],[639.77781260101,136.55733689666],[634.70720979534,161.82813326176],[603.91735183683,157.38748832047],[603.16817166377,162.42781630345],[598.40815023746,161.66747051477],[596.41775774205,176.68755564746],[611.57724599834,178.3670385275],[611.43809663484,184.95793119259],[632.1179184395,187.10819006152],[632.41736786973,190.00758250151],[641.1481555326,192.15784000326],[639.91807515934,202.42713300139],[613.42737593525,197.21682754904],[611.73754606507,207.93820890505],[589.06733176499,204.25793152023],[589.82764388711,198.42739721015],[584.15814222101,197.36814876832],[579.10757692374,194.14743482601],[578.94727685695,190.93792856578],[572.21801363854,190.16824467573]]]}],"roads":[{"type":"linestring","coords":[[602.61714018433,92.128216133453],[506.11761320039,60.557645781897],[433.18776200205,38.197184246033],[353.22808496017,4.8067646939307],[339.65044666815,0.00013712514191866]]},{"type":"linestring","coords":[[0.00020872408640571,511.88587097358],[80.477521398105,562.44741184637],[116.86786293847,588.62660384644],[131.14792721748,602.4279013779],[138.9002165563,611.49549772218]]},{"type":"linestring","coords":[[120.58370754114,611.49549772218],[0.00020872408640571,522.97484061867]]},{"type":"linestring","coords":[[314.85848287356,611.49549772218],[303.64749695576,600.38797098584],[286.84715940524,588.56682556774],[260.26740458855,576.19644880295],[230.36810255639,559.59672539029],[211.34805435943,549.98732654378],[186.6173162848,541.67810137849],[108.53782544238,526.54662134685],[74.937150341342,516.75784607511],[49.827925998019,505.13646189496],[0.00020872408640571,479.20171539299]]},{"type":"linestring","coords":[[611.49598277002,308.72296970058],[532.0272246825,307.15747076552],[470.75809014481,266.70658999402],[449.30793746386,257.1977168275]]},{"type":"linestring","coords":[[0.00020872408640571,128.05338851549],[12.467991692887,134.47805509623],[249.79780647944,262.63776510861],[361.2275035686,325.96772333141],[400.19823090555,344.64716235828],[432.58774994675,357.16734982654],[475.10734265012,369.49696904607],[519.85777794902,386.67807468586],[540.11792527337,397.70743944123],[611.49598277002,444.52602559794]]}]}