{"x":32354,"y":21213,"tile":[53.445535306201,-2.274169921875],"tile_m":[-253159.4376805,7065838.8946817],"water":[],"buildings":[{"type":"polygon","coords":[[[71.492507848103,441.85453231446],[0.062130190810421,413.56389898062],[38.71712762196,485.70416064467],[39.822112717433,518.8239073595],[61.552790515183,466.00531230774],[71.492507848103,441.85453231446]]]},{"type":"polygon","coords":[[[201.39720507743,612.00551102683],[212.127290795,607.27525058109],[210.19812401955,602.86457453016],[215.23755736771,600.64428413659],[219.04802353762,609.27500543557],[229.29720905496,604.73537428956],[233.75778105104,614.84441351425],[229.48756538422,616.7338997256],[237.60720904265,635.16524413507],[251.3373550371,629.10432308912],[258.1478814838,644.56405457854],[261.34720364923,643.1642324524],[277.12785466411,678.95399971772],[279.74720228248,677.81396262348],[284.69758003802,689.02556623425],[272.19751441688,694.53511327039],[275.30778098962,701.58463666495],[264.7279765846,706.25503591634],[262.8678278935,702.03504343517],[257.89741262959,704.22540296428],[251.81714204242,690.44406937994],[257.85733761289,687.77526483499],[240.24770736429,647.85522419028],[217.56747431008,657.8539423449],[209.72724257351,640.11415187642],[213.12805301725,638.6246206807],[201.39720507743,612.00551102683]]]},{"type":"polygon","coords":[[[119.06753607653,516.67461360618],[125.48733111061,511.88448989764],[120.11727887471,503.68539121002],[127.28736727673,498.91394921206],[132.80770082519,507.57468434703],[155.94768337632,505.47398035973],[156.08794593476,501.59403096698],[165.94751323431,501.29499818012],[165.49778249147,509.96507548168],[172.06785883813,506.07391456421],[192.06751855405,537.26482377015],[181.61795795328,549.06534312759],[179.37820979854,547.43375509977],[142.80753068312,548.61492767651],[136.08717302393,553.99561510701],[126.67733646717,541.00458481163],[132.65741951257,536.96392337605],[119.06753607653,516.67461360618]]]},{"type":"polygon","coords":[[[226.25818695629,533.25406359043],[239.10779577857,524.27376610506],[249.25790694909,523.4047045093],[248.79815745211,515.77377901599],[261.19803553156,514.87481326796],[261.64776627437,521.4553896822],[266.86753719766,521.15448869951],[265.97809446623,514.57391202915],[279.257396523,513.53477474581],[279.99767113675,521.00497267302],[286.7280475501,520.41438435111],[285.8274728696,512.03400608897],[300.30791223195,511.01542695425],[301.35765503018,520.56390038785],[304.63712722895,520.26486831345],[306.42714464088,539.2141347155],[285.2374795684,540.8550691586],[285.97775418215,545.04524418991],[239.69778907974,550.25399124064],[234.3277368439,549.95496028475],[235.36746088791,544.74434409197],[226.25818695629,533.25406359043]]]},{"type":"polygon","coords":[[[397.15809561196,577.0041335132],[434.55810493376,575.11463783775],[436.88802187605,621.0156121254],[399.47799380007,622.9237861298],[397.15809561196,577.0041335132]]]},{"type":"polygon","coords":[[[255.46730814554,593.48440406006],[321.6378398629,588.55415659957],[322.03747683481,606.92389172968],[319.6674848758,606.92389172968],[320.84747147828,623.91431702301],[308.00788141013,625.09547822271],[306.62751972431,607.52381826565],[302.07789213557,607.52381826565],[302.67790419099,616.99554960988],[290.02755725721,617.59547538497],[289.03792698408,609.09558820259],[282.7172062968,609.29556366522],[282.91758138029,617.39550013375],[270.67800336753,618.19540111627],[269.68725989945,610.47485810984],[267.11800605195,610.47485810984],[266.91763096856,606.13520319015],[264.1480020376,606.53515426256],[255.46730814554,593.48440406006]]]},{"type":"polygon","coords":[[[14.358196646586,589.95398835745],[87.147785286477,590.34459557105],[86.55779198528,606.6043046806],[84.767774573324,606.6043046806],[84.378156355553,615.14531094488],[68.707711636554,614.73414674401],[68.90808672001,606.00437807199],[63.757333880989,605.82496075705],[63.347678154852,614.73414674401],[48.867238792474,613.95480362233],[47.877608519368,606.6043046806],[43.917974231852,606.00437807199],[44.107217366167,615.72467865888],[29.827153087186,615.93399859406],[29.637909952842,606.99491107278],[25.657124962105,606.99491107278],[25.657124962105,603.63457408454],[21.897865758016,603.63457408454],[14.358196646586,589.95398835745]]]},{"type":"polygon","coords":[[[440.87771242613,490.17470841389],[484.24778603911,487.23483760748],[486.12797223867,515.25421046373],[442.7578986256,518.16416768078],[440.87771242613,490.17470841389]]]},{"type":"polygon","coords":[[[439.45727572357,573.6045361273],[480.89818256121,570.87401733734],[482.02807539274,587.86451977491],[458.66768024978,589.39517704304],[460.4076038909,615.67421759944],[442.30816788279,616.86472467147],[439.45727572357,573.6045361273]]]},{"type":"polygon","coords":[[[518.34717245895,490.07378470432],[559.72796677155,485.12478344701],[562.23822128889,506.15427958127],[520.86744573049,511.08457820024],[518.34717245895,490.07378470432]]]},{"type":"polygon","coords":[[[390.00804471827,492.04553471878],[400.28728649815,491.68482598662],[400.11808087211,486.75451532286],[411.51719672937,486.35455821082],[412.71722084013,521.30400471762],[391.04776876234,522.05532268155],[390.00804471827,492.04553471878]]]},{"type":"polygon","coords":[[[586.0071589631,555.4739485234],[614.49715624182,551.6444850266],[617.16771082595,571.50384961721],[605.1774884726,573.11487438064],[605.68733174042,576.85461853445],[589.17753806087,579.07491558883],[586.0071589631,555.4739485234]]]},{"type":"polygon","coords":[[[521.95726354537,565.50455499347],[525.08756762647,565.11394655518],[524.85713628054,563.3253708398],[546.29727020735,560.68455767725],[547.82791320572,573.13543269504],[552.49776584451,572.57475126255],[553.43730234678,580.16450557671],[545.05717107988,581.18494477589],[545.49799626341,584.77517031226],[533.40758636838,586.25536693726],[532.86768683803,581.82412091829],[524.08791859914,582.88380755577],[521.95726354537,565.50455499347]]]},{"type":"polygon","coords":[[[110.73749858045,459.44524854887],[126.07732441177,449.68550833035],[140.93736323781,473.0139214443],[125.61757491482,482.78484673612],[110.73749858045,459.44524854887]]]},{"type":"polygon","coords":[[[330.0480273923,486.39380634297],[349.02800057258,485.48549248092],[350.27811845421,511.68451197911],[331.3081640281,512.58534703311],[330.0480273923,486.39380634297]]]},{"type":"polygon","coords":[[[85.957779929915,619.50551914889],[101.63713020814,604.83442760631],[113.13754680197,616.32460452709],[87.757816096011,641.51397453621],[85.957779929915,619.50551914889]]]},{"type":"polygon","coords":[[[525.40816775998,608.92551560886],[545.02822801229,607.80415775161],[546.37742024066,631.55448321719],[526.75735998835,632.65527955163],[525.40816775998,608.92551560886]]]},{"type":"polygon","coords":[[[598.8478622261,598.49501253851],[617.38812341771,597.14377453178],[619.17814082967,622.04539071117],[600.63787963803,623.38541092165],[598.8478622261,598.49501253851]]]},{"type":"polygon","coords":[[[328.36821627626,456.95391807146],[346.59789608853,456.2642698111],[347.53743259088,481.20557595976],[329.32779028689,481.89522204734],[328.36821627626,456.95391807146]]]},{"type":"polygon","coords":[[[387.20724632996,391.88375237118],[404.38718334408,391.4744455833],[405.01725166195,417.87375556305],[387.8373146478,418.29427482374],[387.20724632996,391.88375237118]]]},{"type":"polygon","coords":[[[387.95753969791,423.54422243964],[405.35788930376,422.86391614377],[406.32748206856,448.15482412931],[388.92713246268,448.82391445432],[387.95753969791,423.54422243964]]]},{"type":"polygon","coords":[[[564.13733180184,474.52404227573],[570.81761444433,473.8138369685],[571.99760104675,484.91546006128],[584.58783545546,483.57541648205],[586.58713351015,502.46496389247],[578.65784618093,503.31533823255],[578.46748985164,501.57534141652],[567.12737332453,502.78455514368],[564.13733180184,474.52404227573]]]},{"type":"polygon",