{"x":32358,"y":21218,"tile":[53.429173880415,-2.252197265625],"tile_m":[-250713.45277538,7062781.4135503],"water":[],"buildings":[{"type":"polygon","coords":[[[329.20241671035,573.05384743679],[342.33255064941,542.00399309676],[358.75328873636,548.88279801141],[372.79290291516,516.33265903778],[381.75300872914,519.31435671262],[392.7925626311,493.93439432979],[443.25257461276,515.14446342085],[445.65262283428,510.06287006289],[474.60236961002,522.59310191404],[472.22235889683,528.27438883577],[496.40317868692,538.42447140161],[470.43234148485,603.51322557777],[476.69294964708,624.71366099082],[462.66224102749,630.39300665539],[455.20272194946,613.37363957521],[403.25325518093,588.58433372155],[397.57262156575,602.91352967266],[364.73225858685,588.58433372155],[366.22282656856,584.41447679978],[355.47270334268,580.53419130575],[351.59321908854,590.67299779784],[340.8430958626,585.8941037003],[343.52255600598,579.93262545671],[329.20241671035,573.05384743679]]]},{"type":"polygon","coords":[[[1.3531579852279,400.78353915364],[10.913275854604,378.08415798098],[28.822355533368,384.66418280452],[40.17249081473,359.87416307721],[32.112959681283,352.71308562066],[33.90297709321,347.93404834066],[25.242320709513,344.94294495787],[22.562860566104,332.11350877676],[24.642308654089,319.57363499794],[31.512947625917,308.21262678318],[43.45307620836,300.46299370099],[58.383246313577,296.874021722],[73.312303223851,300.76378721464],[87.042449218308,310.60402601119],[93.61252556488,325.23264783341],[92.723082833487,335.10274870787],[87.642461273645,343.75285542384],[114.22332928528,355.68363509979],[121.39230449236,335.69312346075],[141.69252683342,352.12271213066],[133.03298364466,363.46310658846],[136.91246789874,366.45420298446],[104.92258582951,443.90284338873],[1.3531579852279,400.78353915364]],[[35.992443935451,387.33393011335],[88.252492083178,410.93378465436],[102.27318194864,377.79270871542],[62.862742623111,348.23297178559],[56.003235600423,356.88306419831],[50.922614040581,354.19275568333],[35.992443935451,387.33393011335]]]},{"type":"polygon","coords":[[[114.74319130727,540.90360794403],[148.56316580519,461.09445218835],[172.45232852944,472.13390402589],[167.96281346574,482.59418617468],[196.93259774978,495.13380254526],[154.04231114205,556.86384827923],[114.74319130727,540.90360794403]]]},{"type":"polygon","coords":[[[236.33301832117,526.78354182467],[243.80255615339,507.97418479715],[256.0532661152,512.75312577188],[269.18228685934,481.10333058424],[287.10249848722,487.36380122975],[267.98226274858,537.52398604155],[236.33301832117,526.78354182467]]]},{"type":"point","coords":[[250713.45277538,7062781.4135503],[250713.45277538,7062781.4135503]]}],"roads":[{"type":"linestring","coords":[[274.86292047455,372.35418870579],[268.79266864154,368.82316548284],[202.53308133158,330.16302911285],[156.06275989997,280.45366019476],[151.6623004289,276.11362723261],[73.652940865722,199.23318405636],[29.472461359634,146.70370284934],[6.7733039919985,125.32263227366],[0.00048702277126722,118.91614684276]]},{"type":"linestring","coords":[[221.56871425724,7.7459029853344e-5],[203.6429366548,36.223631328903]]},{"type":"linestring","coords":[[15.071058835747,7.7459029853344e-5],[8.7726020466071,16.312654582784],[0.00048702277126722,43.125294454396]]},{"type":"linestring","coords":[[180.37271029936,47.564476882108],[182.44325282812,42.613368369639],[185.94313761868,38.583350606263],[190.54285897827,35.833147230558],[195.75261114736,34.633669642732],[201.08258836652,35.143727889284],[203.6429366548,36.223631328903],[210.28314428061,41.213979030959],[212.99266068649,46.393026202917],[213.7830290712,52.164334165864],[212.57298620624,57.862772676162],[209.49277589598,62.834423404187],[204.9331295531,66.453394555487],[199.40277725048,68.303048762493],[193.56295676346,68.174133488908],[188.13279200258,66.083463657647],[184.04291391082,62.643852857873],[181.21317245488,58.083236770704],[179.95303581911,52.892987182364],[180.37271029936,47.564476882108]]},{"type":"linestring","coords":[[316.14241405047,183.41421658546],[341.60229478977,213.1931584673]]},{"type":"linestring","coords":[[415.06313995915,200.65309691522],[444.91234822053,141.54340429697]]},{"type":"linestring","coords":[[410.00700868739,7.7459029853344e-5],[387.53271669112,43.794161326252],[316.14241405047,183.41421658546]]},{"type":"linestring","coords":[[387.53271669112,43.794161326252],[598.55328302356,154.84396423865],[611.49640021808,160.49935781769]]},{"type":"linestring","coords":[[555.32569835873,7.7459029853344e-5],[547.91293346678,13.39429197181]]},{"type":"linestring","coords":[[508.81307552059,50.783629923128],[527.91327375089,15.542894514278],[542.25233736,10.462849824689],[547.91293346678,13.39429197181],[601.96299902655,41.813717353158]]},{"type":"linestring","coords":[[266.03639804956,381.17239859048],[260.67302498306,405.19262953009],[258.55238868346,414.68337510247],[252.04242486192,455.15343096666],[255.47329156817,477.10342717916],[248.61267135057,501.11402680539],[225.6229701119,492.2044064533]]},{"type":"linestring","coords":[[268.79266864154,368.82316548284],[266.03639804956,381.17239859048]]},{"type":"linestring","coords":[[28.083194114559,109.93323293515],[16.283328090474,94.513910478912],[13.652848522965,85.004098962061],[16.283328090474,72.222819601186],[42.581444595446,7.7459029853344e-5]]},{"type":"linestring","coords":[[0.00048702277126722,130.6940618353],[6.7733039919985,125.32263227366],[28.083194114559,109.93323293515]]},{"type":"linestring","coords":[[162.28329304542,462.884230664],[145.73231115437,456.0838176012],[110.63327570722,441.68336325977],[107.65325293862,447.96441571042],[31.212385000719,417.21299316734],[12.402730641421,461.99307797197],[21.352817701176,466.47312762961],[0.00048702277126722,519.76646866649]]},{"type":"linestring","coords":[[252.04242486192,455.15343096666],[243.80255615339,457.90348914173],[167.5231014771,574.64370132796],[143.45026159307,611.49608915858]]},{"type":"linestring","coords":[[167.5231014771,574.64370132796],[100.78261396693,548.58388211206],[105.56267290155,536.32271599583],[111.23328776259,538.12368688546],[145.73231115437,456.0838176012]]},{"type":"linestring","coords":[[506.32285851156,611.49608915858],[513.19238428836,602.25405095145],[543.14289328628,551.53380786814],[567.74227436181,492.51266565826]]},{"type":"linestring","coords":[[325.78490834302,611.49608915858],[298.67304636032,592.46274707559]]},{"type":"linestring","coords":[[563.28281556064,597.25284649152],[591.31528973219,611.49608915858]]},{"type":"multilinestring","coords":[[[598.79261992875,529.32433355507],[611.49640021808,535.96214812715]],[[555.83776801638,611.49608915858],[563.28281556064,597.25284649152],[575.03258781382,574.7744766036],[586.73226629623,552.39319072291],[598.79261992875,529.32433355507]]]},{"type":"linestring","coords":[[611.49640021808,593.43982297182],[575.03258781382,574.7744766036]]},{"type":"linestring","coords":[[586.73226629623,552.39319072291],[611.49640021808,565.17182911839]]},{"type":"linestring","coords":[[260.67302498306,405.19262953009],[145.27256165733,317.78382422868],[143.4825442454,309.41393133253],[146.90895817199,295.46720404085]]},{"type":"linestring","coords":[[146.90895817199,295.46720404085],[151.6623004289,276.11362723261]]},{"type":"linestring","coords":[[611.49640021808,510.2739804415],[567.74227436181,492.51266565826],[365.28329006626,402.48365479987],[274.86292047455,372.35418870579],[341.60229478977,213.1931584673],[369.07260553286,194.69319779426],[415.06313995915,200.65309691522],[501.64298711857,240.67398393154],[595.39292267998,277.09447862767],[611.49640021808,283.66337739956]]},{"type":"linestring","coords":[[611.49640021808,389.30307834782],[579.87275927357,464.01265029609],[567.74227436181,492.51266565826]]}]}