{"x":32358,"y":21211,"tile":[53.452078112698,-2.252197265625],"tile_m":[-250713.45277538,7067061.8871343],"water":[{"type":"polygon","coords":[[[105.02277337122,309.11760974582],[110.08224422779,295.84752244968],[115.9832904347,285.93653419707],[125.45323951653,277.52657803334],[137.24308678645,271.41771787126],[155.77332922388,270.15781160817],[170.93281748012,276.47790317237],[186.52311216565,286.5777018657],[196.20234189017,297.95795195736],[204.83294201136,314.36656899471],[210.31320054314,328.68716272805],[211.15254950369,341.32724763639],[208.63227623212,349.52777702175],[203.36241153799,362.59776212089],[199.15230839621,376.38739556167],[200.41244503195,386.70764099993],[205.68230972617,397.23723097611],[214.7325843276,404.59653313458],[224.21255216358,409.0266914079],[237.68332374448,411.34644840937],[256.64325941639,413.64751209784],[270.74298612028,418.70760674775],[284.85273157834,426.7080453448],[294.53307449771,438.07687903754],[304.02306108779,452.39724964276],[309.69256275392,469.02798830625],[311.17311198142,486.50733001716],[308.01275163784,499.14716366958],[302.54251186023,509.87661330029],[292.43247570642,519.5779672889],[277.05257485842,532.19718669821],[263.37252263483,539.36757113785],[253.05320583828,544.41637026612],[232.42236460961,547.14731877483],[218.31261915158,542.93780706171],[211.2627557996,540.24798025005],[193.46276922181,533.46639755182],[183.80246381072,529.68680292461],[168.20326356584,523.57626753766],[153.67273043262,513.46742411982],[129.6622294634,501.34726279695],[119.97298098475,489.77664118446],[114.29234736957,482.39685626514],[114.08306672689,472.3066529138],[114.92241568747,459.45742023829],[119.56332525867,449.98778039869],[126.29258847711,442.18737573456],[134.51241967725,438.39652210101],[144.61243707692,431.43727277871],[152.61296888025,415.64762377832],[155.14326090601,411.23803109024],[156.19300370419,402.59641866852],[156.19300370419,393.11736466363],[154.09240491287,383.84765764512],[149.25223345315,374.38727399334],[137.66276126672,363.4370667832],[117.6631015508,353.75795332715],[111.34238086353,347.43792328797],[107.76234603967,336.05774411187],[105.44244785156,323.4363436643],[105.02277337122,309.11760974582]],[[155.35254154867,359.32652931102],[157.45314033996,373.00775059592],[162.51261119652,382.27747027203],[180.20239147844,378.68660010863],[182.72266475004,386.07769704424],[171.15323007188,396.39792989101],[166.94312693004,411.55767524522],[172.83304118796,427.55668952316],[181.25324747156,430.91761868168],[189.88273439783,438.50680830609],[199.15230839621,438.2862359006],[213.05277321156,429.8670948185],[218.31261915158,425.66686722729],[213.26316704915,415.7579102898],[190.73321530753,390.27794557903],[186.31271832812,379.75769273471],[188.62259776209,371.3272739388],[193.04309474147,361.43694194593],[194.10285629382,350.06799851265],[192.83270090388,342.05626700073],[185.88302509364,341.20761368237],[173.67239014854,343.75731193181],[156.8330907762,348.36695493199],[155.35254154867,359.32652931102]]]},{"type":"multilinestring","coords":[[[105.07731992172,309.13630262204],[110.07779144813,295.88677756302],[115.95323417222,285.88793256693],[125.45323951653,277.51162366755],[137.20301176974,271.38780912198],[155.82787577438,270.13724934217],[170.95285498843,276.51155049633],[186.57765871615,286.63751924969],[196.20234189017,298.01216138899],[204.82737603688,314.38713114429],[210.32767207696,328.63669207878],[211.20264327453,341.38706460781],[208.57772968165,349.51282279193],[203.32790249586,362.63701690454],[199.20240216705,376.38739556167],[200.45252004868,386.7618498262],[205.70234723447,397.26153144985],[214.70252806513,404.63765697367],[224.20253340944,409.01173729543],[237.70224805793,411.38757222053],[256.70225874652,413.63629651442],[270.70291110355,418.76181535237],[284.82824129035,426.76225389633],[294.57760229398,438.13669528719],[304.07760763829,452.38790337089],[309.70258150811,469.01303430088],[311.20316824398,486.51293775812],[307.95263911286,499.13781745266],[302.5781340973,509.88782874309],[292.45251321478,519.63778292201],[277.0781783413,532.13737116288],[263.32799483856,539.38626347668],[253.07769612627,544.38646254502],[232.45242087211,547.13797260914],[218.32820388023,542.88733777218],[211.20264327453,540.26293411944],[193.45275046758,533.51125920191],[183.82806729359,529.63633354381],[168.20326356584,523.63795237895],[153.70278669515,513.51228588447],[129.7023044801,501.38651689421],[119.95294347641,489.76168721821],[114.32796960662,482.38751002587],[114.07750075235,472.2617909275],[114.95247194998,459.51162856724],[119.57779679244,450.01208071411],[126.32821071413,442.13690580521],[134.45230715224,438.38717581332],[144.57792803479,431.3868027823],[152.57734664317,415.63640819676],[155.20226023611,411.26233152952],[156.20302245836,402.63754252344],[156.20302245836,393.13792661391],[154.07793337913,383.88691232912],[149.20325287725,374.38727399334],[137.7028362834,363.38659634721],[117.70317656748,353.76169188041],[111.32790932973,347.38745274767],[107.7022335146,336.01288135536],[105.45246660567,323.3877422642],[105.07731992172,309.13630262204]],[[155.32805126067,359.38634615112],[157.45314033996,373.0114891408],[162.45249867145,382.26251610368],[180.20239147844,378.63799904473],[182.70262724167,386.1375136869],[171.20332384275,396.38671428803],[166.95314568424,411.51281290874],[172.82747521342,427.51182727795],[181.20315370066,430.88771052752],[189.82818784736,438.51241608057],[199.20240216705,438.26193555351],[213.07726349952,429.88765666727],[218.32820388023,425.63695905171],[213.20305452411,415.76164882351],[190.70315904496,390.26299142558],[186.32830305677,379.76143127587],[188.57806996573,371.3870906895],[193.0776037836,361.38647150155],[194.07725281094,350.01192015503],[192.82824812428,342.01140427869],[185.82736534823,341.26182281878],[173.70244641104,343.76291977428],[156.82752480172,348.38751700334],[155.32805126067,359.38634615112]]]}],"buildings":[{"type":"polygon","coords":[[[364.06322844719,447.4362470042],[375.57255060031,441.06769085024],[377.30245548722,444.18748022057],[394.96329270152,434.39630969893],[415.48281443949,471.45801351778],[396.22231614246,482.11646916624],[380.2023282224,453.17672866955],[370.28264839776,458.67794182338],[364.06322844719,447.4362470042]]]}],"roads":[{"type":"linestring","coords":[[326.19233767933,474.00766994059],[322.76258416797,496.54704573285],[322.91286548052,520.43781697378],[331.10264041819,528.97649314627],[342.91252519644,515.21703255828],[340.67277704171,499.68737498112],[330.98241536814,483.12773192953],[326.19233767933,474.00766994059]]},{"type":"linestring","coords":[[597.51244578464,219.03797456808],[446.86266569921,387.6665763706]]},{"type":"linestring","coords":[[78.81259926394,532.30747160409],[78.202568454406,518.99663407821],[77.853025253309,489.59719360899],[66.063177983364,215.48628609162],[60.482731909928,85.828006525524],[58.905334725423,0.0005043838173151]]},{"type":"linestring","coords":[[0.04292757861549,94.516697211191],[0.00048702277126722,94.505481186323]]},{"type":"linestring","coords":[[15.20018944508,194.72756981011],[66.063177983364,215.48628609162],[145.98278000864,243.70721116289],[153.78293672847,246.45695613883],[154.97294208509,262.58715405595],[215.92258968423,289.67698972207],[240.96279594325,300.79740406387],[323.3726149775,319.32765477523],[366.21280781439,298.12805740815]]},{"type":"linestring","coords":[[3.902374324447,190.11783760786],[13.85878958102,194.17986048292]]},{"type":"linestring","coords":[[13.85878958102,194.17986048292],[15.20018944508,194.72756981011]]},{"type":"linestring","coords":[[10.132926224149,344.21715478413],[0.00048702277126722,344.75176880136]]},{"type":"linestring","coords":[[225.21331438582,605.24657700956],[225.47936796883,611.49537159503]]},{"type":"linestring","coords":[[566.12368896566,603.33249716274],[566.99309418874,605.6578050442],[567.85582024237,611.49537159503]]},{"type":"linestring",