{"x":32358,"y":21219,"tile":[53.425900839266,-2.252197265625],"tile_m":[-250713.45277538,7062169.917324],"water":[],"buildings":[{"type":"polygon","coords":[[[329.20241671035,38.442378846928],[342.33255064941,69.49223318696],[358.75328873636,62.613428272307],[372.79290291516,95.163567245938],[381.75300872914,92.181869571097],[392.7925626311,117.56183195394],[443.25257461276,96.351762862876],[445.65262283428,101.43335622083],[474.60236961002,88.903124369681],[472.22235889683,83.221837447956],[496.40317868692,73.071754882112],[470.43234148485,7.98300070595],[476.69294964708,13.217434707098],[462.66224102749,18.896780371666],[455.20272194946,1.8774132914841],[403.25325518093,22.911892562173],[397.57262156575,8.5826966110617],[364.73225858685,22.911892562173],[366.22282656856,27.081749483943],[355.47270334268,30.962034977973],[351.59321908854,20.823228485882],[340.8430958626,25.602122583427],[343.52255600598,31.563600827008],[329.20241671035,38.442378846928]]]},{"type":"polygon","coords":[[[229.732885712,138.92805374321],[243.16246908129,120.7880352512],[264.12281600278,136.31821017526],[267.66277580996,131.50765159819],[310.72226804373,163.38805633411],[356.58255866586,101.41684102081],[360.7024930201,104.45824681316],[363.57230949277,100.57802557945],[316.57322047986,65.786722823046],[331.33307176412,45.856803029776],[407.59248893207,102.29675645195],[403.30223575691,108.0675794417],[392.20256932991,123.06721596047],[374.79331416474,110.17675908469],[371.62293506693,114.47731673624],[375.66271938785,117.47761751525],[313.76240333731,201.11755134724],[229.732885712,138.92805374321]]]},{"type":"polygon","coords":[[[487.34288533125,139.44740690663],[513.82245260625,99.307659051381],[508.50249414126,95.787995416671],[513.68330324275,87.967760549858],[518.99324295361,91.478086715564],[531.40313978723,72.64672864601],[591.90305664355,112.56803382747],[574.32236946258,139.20641209278],[569.26289860604,135.86797938123],[543.21302456551,175.3368700482],[530.48252759839,166.9469215842],[532.71225699896,163.58795064874],[529.20235345425,161.26768179238],[525.5032067752,166.87779928185],[504.733216183,153.18783528171],[508.42234410791,147.55715819076],[505.47237760187,145.61799243279],[502.81295496679,149.64764560852],[487.34288533125,139.44740690663]],[[508.24311972773,141.41646499746],[511.19308623372,143.35749995615],[515.11264550456,137.43724842928],[535.88263609682,151.12723958213],[531.98311433426,157.0680308044],[535.48299912483,159.3864327101],[556.53240163892,127.4779892182],[559.15286245217,129.196714269],[564.25240832541,121.45684408117],[527.56261735491,97.247049375437],[522.45305272751,104.99815226439],[529.2925222418,109.50794930477],[508.24311972773,141.41646499746]]]},{"type":"point","coords":[[250713.45277538,7062169.917324],[250713.45277538,7062169.917324]]},{"type":"polygon","coords":[[[244.22223063366,96.856598339044],[266.08315223566,67.617552851327],[278.81253600787,77.126652996056],[256.94270884662,106.38808169961],[244.22223063366,96.856598339044]]]}],"roads":[{"type":"linestring","coords":[[0.00048702277126722,175.34621089324],[7.7228592484316,178.60803214833]]},{"type":"multilinestring","coords":[[[25.262358217878,143.336950019],[19.372443959932,155.17743986566],[7.7228592484316,178.60803214833],[0.00048702277126722,194.10446705576]],[[0.00048702277126722,89.038232723251],[36.313044068869,104.8169383239],[36.602474744985,108.69715747982],[29.402330080396,130.68752112798],[25.262358217878,143.336950019]],[[29.545932223555,145.42557037342],[25.262358217878,143.336950019]]]},{"type":"linestring","coords":[[43.972938230378,152.4573793849],[29.545932223555,145.42557037342]]},{"type":"linestring","coords":[[0.00048702277126722,146.65856602509],[19.372443959932,155.17743986566]]},{"type":"linestring","coords":[[0.00048702277126722,118.09038117621],[29.402330080396,130.68752112798]]},{"type":"linestring","coords":[[0.00048702277126722,331.19475750532],[86.853206083906,383.69655679259],[113.94280416847,398.18754524644],[183.20245175535,434.35792343132],[300.58328882232,495.44666915759],[445.09268579559,569.4975324152],[468.67238033543,581.01794647519],[517.4425624469,604.91803548113],[530.2921712691,611.49549772218]]},{"type":"multilinestring","coords":[[[0.00048702277126722,596.20349674392],[17.522314022965,601.73671623319],[36.346439916146,611.49549772218]],[[84.36855504947,611.49549772218],[97.543216784834,602.93788389396],[130.98247862421,564.70778504387],[220.56238606045,530.07730259933],[300.58328882232,495.44666915759]]]},{"type":"linestring","coords":[[86.853206083906,383.69655679259],[52.522275123309,456.97693583183]]},{"type":"linestring","coords":[[245.82189171636,611.49549772218],[248.78299017146,604.96660522744],[300.58328882232,495.44666915759]]},{"type":"linestring","coords":[[248.78299017146,604.96660522744],[260.51383811128,611.49549772218]]},{"type":"linestring","coords":[[468.67238033543,581.01794647519],[454.2008465323,611.49549772218]]},{"type":"linestring","coords":[[445.09268579559,569.4975324152],[496.45327245779,451.24746463168],[576.47306202474,328.22816383373]]},{"type":"linestring","coords":[[26.052726602502,242.44679793157],[68.662488093425,260.82752968092]]},{"type":"linestring","coords":[[61.402230903856,160.35788214393],[56.942772102688,170.7075475445],[46.572248340381,194.78821502719],[36.393194102275,218.41671522334],[26.052726602502,242.44679793157],[15.9527092028,265.90702309925],[56.722359510924,283.6768178679]]},{"type":"linestring","coords":[[36.393194102275,218.41671522334],[79.852323307947,237.09640719742]]},{"type":"linestring","coords":[[46.572248340381,194.78821502719],[93.002494755347,213.8079675734]]},{"type":"linestring","coords":[[56.942772102688,170.7075475445],[102.77300646226,190.11780423392]]},{"type":"linestring","coords":[[52.036922143423,156.11152635328],[61.402230903856,160.35788214393],[69.382725198899,146.4773530392],[82.003015870083,124.5281330822],[124.40238352338,143.63772632927]]},{"type":"linestring","coords":[[43.972938230378,152.4573793849],[52.036922143423,156.11152635328]]},{"type":"linestring","coords":[[69.382725198899,146.4773530392],[113.97286043101,165.3272177577]]},{"type":"linestring","coords":[[334.21290699099,232.9864677405],[314.13309724163,217.70681506861],[291.38273290821,208.45755755622],[218.88257494444,155.30821197759],[218.59314426832,138.58804553468],[237.10223600251,114.9966714941],[250.83238199697,114.41753489245],[275.18240741309,127.17721229419],[309.95305036235,152.91695011221]]},{"type":"linestring","coords":[[143.45026159307,0.00013712514191866],[136.46273715593,10.697223772295],[71.642510861944,103.97812325321],[43.972938230378,152.4573793849],[13.332248389546,206.1765331924],[0.00048702277126722,230.59896556567]]},{"type":"linestring","coords":[[300.58328882232,495.44666915759],[499.10267633869,196.91792143881]]},{"type":"linestring","coords":[[314.13309724163,217.70681506861],[319.80259890776,204.57738713827],[371.23331684916,136.81701355521]]},{"type":"linestring","coords":[[183.20245175535,434.35792343132],[290.86287088625,291.87796078809],[334.21290699099,232.9864677405],[433.5722316934,98.037292313762],[444.43256121522,83.276736851782],[483.65264421148,30.496457635425],[506.32285851156,0.00013712514191866]]},{"type":"linestring","coords":[[275.18240741309,127.17721229419],[301.29239397869,94.70818322245],[302.78296196039,72.607496603392],[329.76235374907,37.126705232076],[345.17231085955,29.007500167936],[359.78299402614,23.868072701618]]},{"type":"linestring","coords":[[329.76235374907,37.126705232076],[375.3432324492,70.817767983302],[378.62270464801,78.587578575127],[403.4024232986,95.007093191147]]},{"type":"linestring","coords":[[444.43256121522,83.276736851782],[359.78299402614,23.868072701618],[325.78490834302,0.00013712514191866]]},{"type":"linestring",