{"x":32358,"y":21220,"tile":[53.4226275461,-2.252197265625],"tile_m":[-250713.45277538,7061558.4210977],"water":[{"type":"polygon","coords":[[[0.00048702277126722,23.650816735812],[3.5929061400238,25.171417587437],[37.962798922468,48.751901851967],[74.532364842948,78.110188766383],[103.18266218842,105.65076356754],[133.07305866128,142.41185545269],[169.59253081094,199.33059441485],[200.18312688096,256.98118359223],[221.51305451186,297.3318638429],[254.48254810009,372.31099424325],[275.07331431209,424.25182590727],[290.00237122242,486.20080783125],[288.01309192192,540.18068404961],[277.09264987512,604.42070438061],[274.06921250516,611.49639582541],[249.6023016237,611.49639582541],[253.1222239226,604.36093081906],[268.57225604978,532.71079364046],[265.44306516359,485.22200123593],[257.24327147179,449.32175766118],[246.47311073748,420.31041672733],[208.53320188532,321.24030638766],[134.6426634815,190.33047438972],[59.312764061731,101.80073033273],[12.772311350825,65.321526092477],[0.00048702277126722,58.648847301491],[0.00048702277126722,23.650816735812]]]},{"type":"linestring","coords":[[258.35980596443,611.49639582541],[268.98302497083,582.04108019173],[274.95308926207,485.75063153077],[264.41224667884,439.40101549868],[244.15321254937,374.72068574186],[149.56281483255,192.21157130226],[107.51299038029,138.71128269006],[54.002824350842,77.551642575301],[3.362474794063,46.990326465108],[0.00048702277126722,45.159632644616]]},{"type":"multilinestring","coords":[[[0.00048702277126722,23.654552848078],[3.5773214113142,25.171417587437],[37.9527801683,48.796735159121],[74.578005834162,78.171834324487],[103.20269969676,105.67131202109],[133.07751144096,142.42119561415],[169.57805927715,199.296970075],[200.20316438927,256.92140742578],[221.45294198682,297.2963719219],[254.45249183755,372.29605042282],[275.07776709172,424.29665709753],[289.95227745158,486.17092060391],[287.95297939688,540.17134435661],[277.0781783413,604.42070438061],[274.05474097136,611.49639582541]],[[249.59339606448,611.49639582541],[253.07769612627,604.42070438061],[268.57782202432,532.67156688869],[265.45308391779,485.17156653944],[257.20319645511,449.29560621455],[246.45307322918,420.29547299538],[208.57772968165,321.29634609912],[134.70277600651,190.29685001541],[59.327235595469,101.7969942512],[12.827971096238,65.295373386703],[0.00048702277126722,58.626430674456]]]}],"buildings":[],"roads":[{"type":"linestring","coords":[[283.83193184773,611.49639582541],[296.92310396503,567.97182753496],[303.27276771987,525.76018413343],[303.49318031163,499.05043513887],[294.81248641957,447.31183236558],[282.56288965268,406.96191405226],[243.71238736584,316.73097676877],[157.52327161914,158.59086636547],[119.82269967219,109.76045249682],[63.043080198171,53.16050874535],[15.182378326514,17.480611521751],[0.00048702277126722,10.776135459542]]},{"type":"linestring","coords":[[565.34222614032,600.79132799525],[564.63200778907,611.49639582541]]},{"type":"linestring","coords":[[611.49640021808,606.55387284234],[565.34222614032,600.79132799525],[521.30312238756,600.79132799525],[521.30312238756,542.0803774884]]},{"type":"linestring","coords":[[372.13277833478,172.84017462377],[414.30282783709,198.40032096207],[360.42308109824,245.56019089743]]},{"type":"linestring","coords":[[530.2921712691,0.00072855968028307],[544.10246729697,7.0717652384192],[601.96299902655,36.891616329551],[611.49640021808,41.965257728472]]},{"type":"linestring","coords":[[157.52327161914,158.59086636547],[163.13266076022,153.47059872188]]},{"type":"linestring","coords":[[164.73677462255,152.25637935568],[167.00323945511,150.54152768292],[172.34323542845,146.52152535878],[179.88290453987,145.38202618621]]},{"type":"linestring","coords":[[163.13266076022,153.47059872188],[164.73677462255,152.25637935568]]},{"type":"linestring","coords":[[36.346439916146,0.00072855968028307],[49.772683700692,6.9615494543687],[73.652940865722,6.9615494543687],[84.36855504947,0.00072855968028307]]},{"type":"linestring","coords":[[205.82257228452,199.87045184895],[179.88290453987,145.38202618621],[245.82189171636,0.00072855968028307]]},{"type":"linestring","coords":[[260.51383811128,0.00072855968028307],[288.22237256463,15.422007328831],[279.26226675065,31.621825569309]]},{"type":"linestring","coords":[[454.2008465323,0.00072855968028307],[372.13277833478,172.84017462377]]},{"type":"linestring","coords":[[544.10246729697,7.0717652384192],[548.85692274876,0.00072855968028307]]},{"type":"linestring","coords":[[235.60276246152,419.66036421712],[243.94281871177,439.46079029795],[248.50357824957,461.31405229215]]},{"type":"multilinestring","coords":[[[0.00048702277126722,69.72825574223],[32.213147222996,92.010317170992],[55.142735936563,111.63036025595],[92.992476001207,151.79123988561],[131.06262865756,208.76034808252],[195.96300498498,325.51053083315],[235.60276246152,419.66036421712]],[[248.50357824957,461.31405229215],[256.18239672447,498.11085704714],[255.51225338996,528.00171433389],[245.9432299613,580.30017030612],[235.59163051247,611.49639582541]]]}]}