{"x":32364,"y":21205,"tile":[53.471700485728,-2.21923828125],"tile_m":[-247044.47541769,7070730.8644919],"water":[],"buildings":[{"type":"polygon","coords":[[[603.89501836401,540.62358248048],[607.49509069623,528.90367159434],[621.74509871268,482.59423895925],[606.78487234496,477.99376366753],[614.66517909823,452.39375307504],[629.62540546595,456.99424320273],[631.56570419043,450.33475236315],[644.17486291259,407.19473084155],[646.79532372591,398.25363844354],[690.38580993071,411.55400065053],[683.30589031626,434.55467284936],[698.92512806944,439.35527632479],[703.53486818325,424.37371843494],[835.04548821656,464.86369330902],[838.11567977266,454.86417920422],[843.99557527635,436.77450816333],[855.49487867529,440.44368699193],[864.19561007569,436.68474229798],[911.29488663032,450.72373709828],[960.00495621678,502.25469538569],[1015.1648770997,560.57375960052],[1003.2948797964,597.88389721047],[1062.7250163463,615.44396844693],[1045.0552735726,675.25451383833],[982.02506469059,656.62489474565],[985.97579341879,643.2538803881],[999.70593941325,596.82355939411],[972.14545988268,588.68494769],[961.6257680027,585.58434388228],[828.4954493783,546.23387358151],[809.68579501894,605.70458549354],[603.89501836401,540.62358248048]]]},{"type":"polygon","coords":[[[414.05521154474,504.70453482587],[414.92572996274,471.67465119064],[473.57551688212,282.45426765084],[554.61499298469,279.6845623944],[551.82532654543,290.19484998193],[592.25545240665,289.01478101406],[650.445489829,287.35408145282],[647.83504776988,295.78474637493],[642.80563317583,312.02515906561],[623.80562248724,373.30417841766],[615.88524071733,398.90444409009],[604.34586230171,436.14427697379],[587.60563727617,490.18501735758],[583.98552743561,501.89376477804],[567.73510816958,554.35382786952],[537.57531852898,545.37362920307],[420.2757446903,510.51495252736],[414.05521154474,504.70453482587]]]},{"type":"polygon","coords":[[[170.89420353173,678.05400211643],[140.63422634942,643.14541612007],[109.22431882718,538.43369778525],[45.174423409451,555.41417136043],[39.255844382686,584.29398367088],[26.904946879193,636.16442852933],[2.1850624549261,730.40443790425],[51.054318913142,775.78488388844],[170.89420353173,678.05400211643]]]},{"type":"polygon","coords":[[[224.80539802677,151.84506242629],[225.37535381963,109.25512740854],[300.3557100383,100.28377616778],[299.93492236317,93.435095533729],[294.07506436776,94.095277188346],[288.98553724872,9.7243653768674],[358.31531611475,4.0949928145856],[373.825460767,88.045168503188],[375.6856094581,88.033947275952],[375.34497181629,108.15357992798],[353.705576001,106.84444011282],[328.06535768657,107.38492786326],[334.65547154154,139.42512562498],[335.64510181473,144.26518161036],[224.80539802677,151.84506242629]]]},{"type":"polygon","coords":[[[414.35577416988,42.094115232117],[439.74552363006,41.944498019293],[440.19525437284,114.51412617322],[450.19508423077,114.43370765541],[450.21512173917,117.14362425543],[452.85562006076,117.14362425543],[452.84560130656,115.11445974372],[536.13595751306,114.58519370575],[536.18493808896,123.2853503637],[563.82556765297,123.11516252346],[563.92575519465,138.26373616979],[559.09560248913,138.30488040671],[559.14569625995,144.81501776632],[566.6653278631,144.75517165381],[566.75549665061,158.87510086503],[567.06496483501,208.73414664343],[526.40552082277,208.99410109222],[526.015902605,146.30368961766],[463.78496766684,146.69455945026],[459.08505876554,146.73383344896],[459.12513378222,151.74407220539],[452.44596433462,151.78521637246],[452.88567632326,222.0853210818],[428.1059576727,222.25363662746],[427.6250574725,146.92459287494],[415.02591750448,147.01436201669],[414.35577416988,42.094115232117]]]},{"type":"polygon","coords":[[[89.514089787321,59.174771832302],[41.744669898093,55.353929579258],[47.484302843426,0.89503872767091],[12.124779787875,1.9851080775261],[6.3940524017962,29.544961641543],[48.065668884083,24.785255124792],[55.715544291394,99.30379055161],[30.284328320937,105.03408640623],[31.245015526481,87.845056640916],[85.694718058192,93.564139547758],[89.514089787321,59.174771832302]]]},{"type":"polygon","coords":[[[80.265944790939,22.165077555925],[159.4352534482,13.764045552351],[166.79569817949,83.163933714852],[87.625276327308,91.564892257564],[80.265944790939,22.165077555925]]]},{"type":"polygon","coords":[[[401.40486461102,223.20368430298],[484.21543381215,223.02414774615],[484.26552758299,232.67423209362],[484.55495825902,280.97497211955],[473.80594822805,281.14515657257],[426.11556517732,281.89509022981],[401.5551459236,287.71502181422],[401.40486461102,223.20368430298]]]},{"type":"polygon","coords":[[[48.065668884083,402.18465332594],[70.995257597708,329.56529108435],[124.5054236271,345.81498538144],[100.61514770795,418.43419895135],[48.065668884083,402.18465332594]]]},{"type":"polygon","coords":[[[188.23583210623,394.66485579126],[206.9052239072,333.34485812206],[267.89494652301,351.93409284949],[249.21553596787,413.23524563573],[188.23583210623,394.66485579126]]]},{"type":"polygon","coords":[[[401.78557726953,304.74465573765],[406.25505482484,304.72408404853],[406.23501731653,294.2343874108],[425.03576611661,294.18389321305],[425.05580362497,304.67358990759],[426.13560268559,304.67358990759],[426.31594026077,370.46530977357],[411.29560136801,370.52515417803],[411.34569513885,384.80364319682],[426.34488332836,384.77372105233],[426.41501460754,410.35524844471],[402.05497043725,410.41509255394],[401.78557726953,304.74465573765]]]},{"type":"polygon","coords":[[[401.43492087355,508.04454371613],[402.43568309574,471.33429044578],[414.92572996274,471.67465119064],[414.05521154474,504.70453482587],[420.2757446903,510.51495252736],[537.57531852898,545.37362920307],[533.75594679988,558.26419442333],[408.48589742038,521.02493447065],[401.43492087355,508.04454371613]]]},{"type":"polygon","coords":[[[168.85510875913,23.954877744429],[188.15568207289,23.354537285864],[187.34527617987,2.995029934682],[208.97576643596,3.6664410131052],[210.97506449057,60.743878817186],[190.7850484454,61.385361078195],[190.39543022763,48.813795422204],[169.64547714376,49.444057368673],[168.85510875913,23.954877744429]]]},{"type":"polygon","coords":[[[182.22569279833,312.84428540058],[182.4449921952,285.24454366602],[238.51550651283,285.69525169674],[238.29509392107,313.31369337626],[182.22569279833,312.84428540058]]]},{"type":"polygon","coords":[[[328.06535768657,107.38492786326],[353.705576001,106.84444011282],[375.34497181629,108.15357992798],[376.02513390506,139.91511596553],[366.58524108579,139.79542366881],[366.60527859413,138.02435151953],[346.46535631982,137.77374572027],[346.44531881149,139.57474099752],[334.65547154154,139.42512562498],[328.06535768657,107.38492786326]]]},{"type":"polygon","coords":[[[110.1652468231,425.10493730381],[121.63560715443,387.85383182857],[138.83558167692,390.71513585001],[134.05552274224,406.01467927545],[156.98511145587,411.73540307395],[150.2959232541,435.6150323404],[110.1652468231,425.10493730381]]]},{"type":"polygon","coords":[[[583.98552743561,501.89376477804],[587.60563727617,490.18501735758],[598.20547918952,493.46518887766],[603.33508132532,476.89413747005],[606.78487234496,477.99376366753],[621.74509871268,482.59423895925],[607.49509069623,528.90367159434],[594.99502507501,525.06435442623],[600.55543364017,506.98419390246],[583.98552743561,501.89376477804]]]},{"type":"polygon","coords":[[[473.97515385409,625.67516989261],[480.48511767565,603.68489628471],[487.89565617774,605.87476298772],[489.05560527183,601.98499080725],[513.22529311283,609.14366620779],[509.92578340575,620.29495465569],[511.39520068423,620.72507279646],[507.02591067061,635.47437075619],[473.97515385409,625.67516989261]]]},{"type":"polygon",