{"x":32351,"y":21209,"tile":[53.458619911405,-2.2906494140625],"tile_m":[-254993.92635935,7068284.8795868],"water":[],"buildings":[{"type":"polygon","coords":[[[139.11328901906,115.67014687508],[41.535980640241,262.67105319258],[175.63589202944,97.870850197971],[5.0133776298899,49.140092006885],[139.11328901906,115.67014687508]]]},{"type":"polygon","coords":[[[235.09608484179,366.62994093727],[262.38605800975,315.11023907643],[246.23582628544,300.95941582602],[297.83686304776,255.45001778193],[312.76591995807,275.18911089096],[335.43613425808,266.28988575004],[339.63621864573,246.8891664464],[398.91607388295,227.60992342047],[452.30601486232,217.63001759723],[477.20595856296,219.41922231484],[506.79690560565,230.27035704721],[503.19683327337,258.08987661172],[539.27659343439,282.8992718365],[560.33601470265,314.43906174228],[592.45614057613,408.86885485146],[586.60630133495,410.41871378943],[579.29595037454,436.25962251518],[571.97669385493,456.26000186894],[574.37674207642,459.39896130655],[566.90609104928,481.02951756399],[548.99589817552,510.15869818348],[528.93612593459,534.49992495496],[509.79585268759,508.2891692277],[525.42622238988,491.31008713134],[537.37636972652,476.67910705041],[544.52642062021,462.05931724701],[549.01593568388,448.01905899588],[551.69650902218,427.71018344536],[549.60592898508,408.00886061694],[541.54639785166,383.51955088135],[534.07686001941,361.72046820726],[517.0661286313,327.3895959761],[500.93593441538,310.65878055524],[481.23683732457,296.6388199022],[462.41605101616,292.14995941706],[447.19645023494,293.35022973642],[428.37677712139,296.33968725335],[410.76603367791,301.10898206197],[388.36632574047,306.78875788208],[359.11601633963,319.90943578351],[337.90631375881,333.66013722587],[313.42604453844,351.26960031595],[298.80645581256,371.87032297999],[288.34687645762,403.21906493139],[291.08644912607,410.95901436638],[298.50589318742,431.8792747166],[313.42604453844,477.56900642999],[322.16685095555,515.3896378465],[289.32648797665,535.13930179365],[253.98588923446,454.88028017897],[251.20624154934,407.82003577799],[256.92583698631,377.04900608864],[235.09608484179,366.62994093727]]]},{"type":"polygon","coords":[[[127.50377932427,192.83911442757],[25.803405730432,119.26987741794],[80.526745485462,259.8996376805],[19.983622751752,335.85875159223],[127.50377932427,192.83911442757]]]},{"type":"polygon","coords":[[[573.24684924487,62.638861841522],[637.70640038868,11.539727195166],[641.18624767091,15.019137924537],[671.67665619915,7.9195738555863],[696.066756632,22.869774812832],[665.28580423276,48.130487793125],[688.21650614127,75.989907884039],[677.18585779858,115.46893745475],[599.09634820197,141.60994474869],[573.24684924487,62.638861841522]]]},{"type":"polygon","coords":[[[26.653886640066,439.69958666153],[8.2138129902014,425.900460626],[3.7432222398929,431.8792747166],[40.526312858739,398.76952536125],[35.926591499156,392.59999158327],[52.296122620348,380.3599962946],[56.345925695408,385.75928171352],[101.46594170373,352.00994847342],[97.616513712041,346.87050995138],[114.07621362078,334.56874834001],[117.9968860865,339.80915154889],[162.82635822386,306.28023302276],[158.82664891967,300.93885046896],[175.52679892845,288.45005959831],[179.06675873572,293.18009796645],[225.18642377135,258.66944889724],[237.16662737052,274.68993193191],[191.32637425678,308.9799013827],[213.50678279734,338.6500187777],[196.66637023009,351.24903508555],[174.41583041035,321.47987740301],[129.39600194374,355.16951434035],[152.08625375215,385.49941314477],[136.23658465297,397.34866346791],[114.04615735824,367.67876544688],[68.686804444704,401.60937884916],[91.836805750092,432.55044212192],[75.78676156752,444.57909845747],[53.066453496605,414.19894748088],[8.0265875216282,447.87884324137],[30.426295459067,477.81952430401],[12.106446859194,491.4989099782],[26.653886640066,439.69958666153]]]},{"type":"point","coords":[[254993.92635935,7068284.8795868],[254993.92635935,7068284.8795868]]},{"type":"polygon","coords":[[[153.09592153365,656.73026726395],[230.07668900193,597.06887415331],[249.10675595299,620.37039098702],[232.6359240952,635.1394491978],[281.49627499422,699.6200877307],[239.44645054196,732.28925545327],[247.97686312144,743.36028711498],[233.76581692678,755.86892657168],[153.09592153365,656.73026726395]]]},{"type":"polygon","coords":[[[257.26647462815,20.560292568989],[356.6959306098,91.910338338464],[382.75582340447,56.721347461455],[392.02651059776,60.240052565001],[412.62618236907,5.3600224023685],[409.6461596005,7.5592495268211],[333.11623606997,63.289494493045],[321.52676388348,61.978880972601],[284.86591598051,13.970266822726],[291.9068737732,8.99887765944],[284.44624150026,1.1495714178309],[276.91659114297,4.7192550832406],[257.26647462815,20.560292568989]],[[290.10683760705,5.320759751834],[298.46581817075,5.7288648076355],[303.54643973053,1.5389835983515],[331.5065562331,36.349892920814],[348.71654950976,23.769073285162],[346.68608199767,21.919995863922],[365.18626817258,8.2304528076202],[366.85606053451,10.459071639925],[386.09652132323,4.1597071103752],[383.50611677245,11.941193616949],[378.5067584409,10.469777878374],[373.50628691449,11.030673301779],[368.51583414222,14.900852789171],[365.18626817258,20.091009500436],[364.25675042445,25.460656476207],[366.10688036148,31.5613426622],[368.33660976205,35.440880449489],[373.69664324378,38.230409509502],[370.43609535843,52.200505469926],[365.3565869935,60.870129042305],[290.10683760705,5.320759751834]]]},{"type":"polygon","coords":[[[62.146784360637,154.02044289466],[87.356196245644,135.08872311749],[102.76615335615,155.57969965134],[146.18632074006,122.92872445565],[100.43623641387,67.240030088462],[111.3566784607,58.260177521035],[131.55671326004,83.148721667007],[145.026371646,72.899407275021],[148.24684451468,72.899407275021],[152.04617873547,75.539326801896],[153.80613988489,79.050493204035],[152.92671590761,82.870146902278],[141.21590547616,94.570278799161],[201.73585984082,176.16036444716],[182.58668103453,190.56006748416],[177.38583442473,183.63879047055],[118.47667309182,227.95018975344],[106.3662256884,211.82865405362],[120.70640249239,201.05040857755],[124.17623102045,205.65897500142],[151.87585991455,184.85029483121],[137.42659000953,165.62885905243],[94.905884111271,197.61034102738],[62.146784360637,154.02044289466]]]},{"type":"polygon","coords":[[[250.48600444396,595.16945352778],[283.796135674,567.85027569812],[388.24610069042,695.21932089329],[354.94598821455,722.52871303912],[250.48600444396,595.16945352778]]]},{"type":"polygon","coords":[[[3.1131539220223,112.53923973907],[1.856148146966,108.66912048683],[0.096186997543555,105.50945651252],[89.646038171224,35.95913808234],[111.3566784607,58.260177521035],[100.43623641387,67.240030088462],[57.186387850845,100.82043806929],[75.686574025778,124.64877459593],[58.075830582267,138.31942074466],[37.276896922442,111.55020944029],[18.256848725548,126.32021427248],[43.666635694011,159.04035114869],[33.44639324426,166.96002116334],[11.706809887284,138.97004718799],[15.266807202861,136.21049327962],[3.1131539220223,112.53923973907]]]}],"roads":[{"type":"linestring","coords":[[475.84674758039,35.789000805467],[462.98934639373,0.00026272237300873]]},{"type":"linestring","coords":[[609.60602132778,421.61919323821],[537.62683858085,212.66997355316],[496.58668191006,95.170428915881],[475.84674758039,35.789000805467]]},{"type":"linestring","coords":[[156.28967772445,0.00026272237300873],[221.8668765559,88.249068744481],[287.62663935224,176.73994271457]]},{"type":"linestring","coords":[[41.146362422442,481.71937616915],[22.846551330935,454.65032654162],[56.166701315233,429.43016755208],[74.735905574373,455.37944780942]]},{"type":"linestring","coords":[[102.10602877574,434.79950685613],[82.656287344347,408.46877058223],[118.87631006379,381.67990505695],[137.53679630545,407.51903776824]]},{"type":"linestring","coords":[[109.44643599866,462.23879309744],[194.37764149942,570.6564174369]]},{"type":"linestring",