{"x":32351,"y":21217,"tile":[53.432446669554,-2.2906494140625],"tile_m":[-254993.92635935,7063392.9097766],"water":[{"type":"polygon","coords":[[[0.0004522354574874,32.033369973302],[18.965953881881,32.829346581362],[54.166290065652,35.290146981366],[86.276397184934,39.219578381628],[119.08670390135,45.809733108617],[144.24602201555,51.570274982601],[170.81687127298,62.179526720196],[196.79661403431,78.250329966657],[221.50620140575,97.120075921528],[241.39676802064,104.4799933983],[257.69616786262,122.04922299553],[300.92597891731,165.64047559351],[332.78673037721,205.24982506875],[357.3560551902,247.15902590752],[394.94642084124,313.1296016071],[417.08675436515,355.15033797547],[438.32651320848,395.99936269969],[454.94651318391,425.23983362503],[467.47663506767,441.44068972301],[488.72641266513,481.93988281116],[515.10690559336,531.81062978506],[528.60662024186,567.81034346949],[537.51663228494,602.05924491398],[539.57047689011,611.49630373716],[514.57702481718,611.49630373716],[514.17627465032,609.54947921727],[504.65623179765,574.6504200967],[492.06599738897,545.75054243207],[466.64619166631,491.59942180198],[435.75614616607,434.81910059042],[420.75584478167,405.64032219443],[397.72606852639,361.83925638255],[374.04618644487,323.46010916494],[336.95675850235,259.35992421955],[309.81595345202,222.9589650929],[276.07612898751,183.9289247198],[236.83600848287,142.89943664055],[202.69654704639,112.29020554945],[181.7862938958,98.68959431164],[156.75610639094,86.168939583935],[133.93672397319,76.619147722609],[112.55670257146,70.739041249268],[82.366856668319,65.129860319197],[51.856410631706,60.979960742407],[16.216362459294,59.89997752104],[0.0004522354574874,59.268430169672],[0.0004522354574874,32.033369973302]]]},{"type":"linestring","coords":[[524.42100738801,611.49630373716],[523.02617416836,604.35919039417],[512.06677029977,569.40032083634],[499.13589824925,537.70907858666],[472.44593713665,484.3089932669],[441.59596665311,428.42918710504],[424.90583539844,398.00042327773],[404.05680796778,357.12898788508],[380.27673834455,315.84068384022],[344.10680939598,251.26959098689],[317.7263164678,212.40037622489],[284.77686038788,172.78919396549],[243.64653492958,130.73012332898],[209.71635413583,102.72923426144],[185.24610366963,86.580004516058],[161.75657791735,72.289880049415],[135.05659805055,62.629831025377],[112.54668381729,56.850612332113],[81.265906904358,49.769055070356],[49.986243186344,46.430070606992],[13.706107941922,44.768986039795],[0.0004522354574874,43.784293447621]]},{"type":"multilinestring","coords":[[[0.0004522354574874,32.012816589326],[18.925878865179,32.784502826631],[54.17630881982,35.284541511908],[86.300887472928,39.159786763601],[119.05108166428,45.785442777909],[144.30168176099,51.534773766994],[170.80128654427,62.158973405138],[196.80106681399,78.283962586895],[221.55184239696,97.159313882701],[241.42682428317,104.53417910635],[257.67613035429,122.03427524678],[300.92597891731,165.65916018095],[332.80120191103,205.28532559332],[357.30150863971,247.15902590752],[394.92638333296,313.1594963884],[417.05113212811,355.15968004894],[438.30090972563,396.03486237954],[454.9264756756,425.28467515856],[467.42654129679,441.40892703924],[488.67631889429,481.90998867154],[515.05124584792,531.78447257541],[528.55096049645,567.78418637812],[537.55114132707,602.03495628852],[539.60053315258,611.49630373716]],[[514.58036440189,611.49630373716],[514.17627465032,609.53453238308],[504.67626930604,574.65976190101],[492.05152585515,545.78417307138],[466.67624792882,491.65921000764],[435.80178715731,434.78546948079],[420.80148577291,405.65900622122],[397.67597475552,361.78507242911],[374.05175241936,323.40966179129],[336.92670223981,259.41037200298],[309.80148191826,222.91038552392],[276.05163869954,183.91024017893],[236.80149944068,142.91064742021],[202.67650953805,112.28460013587],[181.80187862448,98.659698727541],[156.80174738209,86.159597194754],[133.92670521903,76.660254262388],[112.55113659689,70.783884785138],[82.425855998445,65.159756025299],[51.801864081208,61.034146748483],[16.17628744262,59.909319933504],[0.0004522354574874,59.27777258493]]]}],"buildings":[],"roads":[{"type":"linestring","coords":[[463.0962131049,394.88953056],[495.3966765535,452.55014939234],[533.36664166814,520.83954073209],[549.32651706322,557.11021725927],[559.79611517227,595.03048781306],[563.70454249406,611.49630373716]]},{"type":"linestring","coords":[[214.78584374653,48.330321031623],[277.38635939412,104.79950222746],[304.72642633299,133.74022237118],[339.31673170713,179.17931315303],[366.65679864597,219.40891908016],[401.63672223795,277.30997132882],[424.77670478911,324.51016181055],[445.09585144362,359.25897874497],[463.0962131049,394.88953056]]},{"type":"linestring","coords":[[573.34592359167,557.50070578791],[611.49622628142,549.17152516637]]},{"type":"linestring","coords":[[371.27321792921,610.9881115891],[369.34516434863,611.49630373716]]},{"type":"linestring","coords":[[465.16675563369,586.24920358788],[371.27321792921,610.9881115891]]},{"type":"linestring","coords":[[177.1030829181,611.49630373716],[345.68643297031,477.99946014676],[408.06653602616,433.11886095349],[409.65617835469,424.87923294213],[375.40651062236,373.18051018193]]},{"type":"linestring","coords":[[573.34592359167,557.50070578791],[465.16675563369,586.24920358788]]},{"type":"linestring","coords":[[489.51455465998,611.49630373716],[485.46586477981,592.2690552175],[466.37679849862,528.52042568382],[438.61594388456,474.07958777901],[424.88691108505,423.68906374369],[388.0067637852,374.49026513752],[354.79682009685,329.85010710731],[310.64639685335,279.6492479248],[273.19629376067,318.69937051181],[217.41632331398,341.0101701431],[107.44602474914,402.37061824929],[35.726216415729,474.87925684731],[0.0004522354574874,494.9531661449]]},{"type":"linestring","coords":[[463.0962131049,394.88953056],[503.15675825666,376.36054252181],[539.0862371051,357.56059135124],[565.10605488316,347.68041629903],[599.09634820197,333.68036657292],[611.49622628142,329.52873891592]]},{"type":"linestring","coords":[[463.0962131049,394.88953056],[466.67624792882,372.13980601914],[483.70590363038,340.76914433111],[504.31670735078,312.08888957836],[516.86686674281,292.34896674938],[525.82585936185,274.4400591692],[531.20593035183,242.17029179633],[532.99594776382,212.58908940665],[540.16603616584,183.00964528881],[537.48657602241,153.43943329249],[536.5860013419,132.83027945086],[550.91615939169,113.99051387701],[558.98682247425,94.279994239099],[579.60653175387,73.670686874539],[611.49622628142,48.485405366868]]},{"type":"linestring","coords":[[408.06653602616,433.11886095349],[424.88691108505,423.68906374369]]},{"type":"linestring","coords":[[424.88691108505,423.68906374369],[455.45635645179,400.9095272515]]},{"type":"linestring","coords":[[463.0962131049,394.88953056],[455.45635645179,400.9095272515]]},{"type":"linestring","coords":[[310.64639685335,279.6492479248],[259.14666082762,203.31971699651],[196.85672655937,137.38933531381],[118.85627255539,87.179785596207],[30.056714749633,76.249188817106],[0.0004522354574874,71.650859757327]]},{"type":"linestring","coords":[[0.0004522354574874,437.29472358618],[15.246769694495,436.96962294728],[107.44602474914,402.37061824929]]},{"type":"linestring","coords":[[214.78584374653,48.330321031623],[180.50611975169,44.219650905579],[108.25643064207,24.23055285681],[0.0004522354574874,10.190694522113]]},{"type":"linestring","coords":[[215.56285379227,8.3256512880325e-5],[214.78584374653,48.330321031623]]}]}