{"x":32353,"y":21206,"tile":[53.468430720012,-2.2796630859375],"tile_m":[-253770.93390679,7070119.3682657],"water":[{"type":"polygon","coords":[[[213.45133177593,611.49667350575],[237.3738903474,602.55836990662],[248.19414485252,600.78753744066],[264.32433906844,595.09917956591],[282.23341874729,587.03786067944],[314.78435105016,573.90898213256],[368.06408573364,551.60797728598],[375.07387406888,548.30751300137],[424.73349891178,524.93869066797],[477.73382167332,495.95803908911],[536.92350812303,461.33744722605],[586.11336471475,429.95737984125],[611.49643500548,413.98025717959],[611.49643500548,447.93534435425],[590.07411219718,461.03825164866],[556.63373716289,482.24745006394],[556.26415645349,484.60734855291],[550.96423549677,484.91776304226],[493.85399713513,518.9585648803],[438.0239329176,547.9185630111],[372.70388210987,580.47809897549],[309.40428006009,607.04809228331],[297.32722850397,611.49667350575],[213.45133177593,611.49667350575]]]},{"type":"polygon","coords":[[[559.85421003154,109.94878272992],[611.49643500548,51.621550106443],[611.49643500548,105.81970001757],[600.04388579263,106.33770553302],[559.85421003154,109.94878272992]]]},{"type":"polygon","coords":[[[0.0004522354574874,565.2118594842],[19.303460662981,548.81800983101],[23.374414441321,553.69858227856],[48.593845080555,532.17916214745],[45.794159887068,525.64740446117],[52.573516876408,520.01883141045],[56.943920084974,520.33859430812],[62.143653499923,515.6973561747],[62.063503466517,510.94765760191],[71.033628034667,506.53828923311],[94.703491362015,486.62878243532],[106.49445182682,496.96781967208],[197.13412081546,394.39776615426],[189.47422665398,386.57747215312],[229.19413416393,340.34744665585],[260.67417296534,300.66780022252],[267.98341073084,293.73753953632],[306.22388220811,250.98895481508],[365.08406296509,181.19756198209],[412.6141459491,122.09852136858],[428.10425309298,101.77850782964],[427.45414726672,99.068794744089],[498.55390603642,13.378550334834],[510.93485980245,2.1643936634064e-6],[611.49643500548,2.1643936634064e-6],[611.49643500548,51.621550106443],[559.85421003154,109.94878272992],[550.96423549677,114.8988170214],[542.06424220788,122.13779246435],[512.10371445579,156.05859721638],[510.11443515529,165.61825756636],[441.15423699867,252.53733276669],[427.06341585406,256.18761390168],[412.01413389371,263.2375885779],[373.75362490804,308.59850935172],[336.81336508325,352.41829273291],[296.47340800957,398.24807067681],[263.74436452141,435.43828846328],[189.01336396209,520.14785854425],[132.48421334231,563.69907153957],[81.334020517737,602.0777955614],[67.328915381077,611.49667350575],[0.0004522354574874,611.49667350575],[0.0004522354574874,565.2118594842]]]},{"type":"polygon","coords":[[[441.15423699867,252.53733276669],[510.11443515529,165.61825756636],[515.06369971597,172.21763295215],[524.61379883112,173.18818387482],[611.49643500548,168.17647457216],[611.49643500548,243.69212614838],[589.28374381256,244.90764138196],[494.17348407366,249.67806937639],[441.15423699867,252.53733276669]]]},{"type":"linestring","coords":[[592.1168248532,2.1643936634064e-6],[486.34438428623,123.72733669169],[399.53410578088,208.17842881661],[206.13430164609,448.37852853164],[75.594387572462,564.44892072957],[13.174209499935,611.00861995202],[12.266955649975,611.49667350575]]},{"type":"linestring","coords":[[259.65782601442,611.49667350575],[308.83432426723,593.16753048263],[391.61372401094,556.03789007291],[476.73417264601,512.16874179989],[555.73427567727,465.11853033118],[611.49643500548,428.39968660008]]},{"type":"linestring","coords":[[611.49643500548,202.61134175211],[399.53410578088,208.17842881661]]},{"type":"multilinestring","coords":[[[0.0004522354574874,565.25673823059],[19.309026637551,548.86849852744],[23.433413771447,553.743461092],[48.559336038394,532.11745360401],[45.808631420921,525.61748514697],[52.559045342612,519.99265199248],[56.933901330805,520.36851364002],[62.183728516597,515.74410516117],[62.059050686919,510.99253666122],[71.059231517545,506.49341015238],[94.683453853679,486.61756263953],[106.43433930184,496.99399916362],[197.1842145863,394.36784634553],[189.43415163731,386.61861193273],[229.18411540973,340.36801666766],[260.68419171954,300.61917995568],[267.93443015488,293.74314956926],[306.18380719147,250.99269485753],[365.05845948218,181.24244290404],[412.55848620369,122.11909194291],[428.05861210174,101.74297674652],[427.43410975841,99.117416246794],[498.55835881602,13.369199941866],[510.94042577699,2.1643936634064e-6]],[[559.80856904027,109.99366405699],[550.93417923426,114.86889615469],[542.05867623331,122.11909194291],[512.05918665943,156.11843863688],[510.05877540988,165.61825756636]],[[441.18429326118,252.49245224893],[427.05896307447,256.24371451791],[412.05866169004,263.24319863319],[373.80928465343,308.61907944549],[336.80891230359,352.36780278664],[296.43444618778,398.24246071838],[263.68425199643,435.49251784105],[189.05900495333,520.11793921515],[132.4341195715,563.74395028967],[81.308417034859,602.11893422343],[67.352292474126,611.49667350575]]]},{"type":"multilinestring","coords":[[[213.62721657142,611.49667350575],[237.43400287247,602.61820796225],[248.18412609832,600.74265889544],[264.30875433979,595.11787897348],[282.18443817133,586.9929820532],[314.80884133815,573.86784332152],[368.05851975907,551.61919698957],[375.05940253509,548.36735145748],[424.68340514088,524.99291943014],[477.68372790248,495.99356840923],[536.9335268772,461.36736678146],[586.05881816425,429.9929094594],[611.49643500548,414.00269697793]],[[611.49643500548,447.93721433356],[590.05852746847,460.99337230995],[556.68383093373,482.24371013138],[556.30868424976,484.61856835242],[550.93417923426,484.86914390419],[493.80835614388,518.99409409985],[438.05844195973,547.86807431281],[372.68384460156,580.49305853155],[309.43433632262,606.9938640818],[297.23594652154,611.49667350575]]]},{"type":"multilinestring","coords":[[[510.05877540988,165.61825756636],[515.05924693632,172.24381352216],[524.55925228063,173.24241504539],[611.49643500548,168.18021465279]],[[611.49643500548,243.67155588977],[589.30934729544,244.86837088782],[494.18350282789,249.61822867021],[441.18429326118,252.49245224893]]]},{"type":"linestring","coords":[[611.49643500548,105.83653051592],[600.0583573264,106.36762642208],[559.80856904027,109.99366405699]]}],"buildings":[{"type":"polygon","coords":[[[142.44598584945,355.64777857065],[37.243709799281,177.15827821102],[48.694032622298,188.69828208815],[43.484280453122,193.85771122482],[134.10391193343,285.07751019672],[96.613733824051,322.30752831139],[87.113728479744,312.74805667531],[63.704352760804,335.9978235811],[84.253930761246,356.69871693198],[52.683723172289,388.03793414403],[33.103737936675,368.32821951993],[23.743995150755,377.63891528547],[4.3163088934671,349.38889544643],[76.965634975029,421.5686464617],[142.44598584945,355.64777857065]]]},{"type":"point","coords":[[253770.93390679,7070119.3682657],[253770.93390679,7070119.3682657]]},{"type":"polygon","coords":[[[120.68636498405,220.12792398781],[14.205932455545,116.18915412109],[2.2738049614709,100.10854673944],[24.773700440594,123.16819117684],[38.80440906022,109.47752883937],[59.103518206335,130.28747586161],[77.876228409703,263.99868626893],[120.68636498405,220.12792398781]]]},{"type":"polygon","coords":[[[130.09418387504,118.26865347847],[204.48343359763,44.657410712913],[237.39392785577,77.927764804102],[163.0135836924,151.53869902715],[130.09418387504,118.26865347847]]]},{"type":"polygon","coords":[[[187.14430971167,173.71740523167],[242.96435517506,119.06903617643],[275.7635299424,152.59901464079],[219.95350323321,207.24902288243],[187.14430971167,173.71740523167]]]},{"type":"polygon","coords":[[[268.7637603613,13.200910557993],[283.27425598618,27.480885636061],[354.8538017612,45.227782187983],[340.3444193312,59.507626460865],[268.7637603613,13.200910557993]]]},{"type":"polygon",