{"x":32353,"y":21214,"tile":[53.442263525009,-2.2796630859375],"tile_m":[-253770.93390679,7065227.3984554],"water":[],"buildings":[{"type":"polygon","coords":[[[27.376141411311,26.750958938152],[27.376141411311,38.55142526608],[119.22383559906,31.970896981657],[115.79408208773,12.95821036119],[96.234134360449,22.078563837335],[96.073834293667,29.238407764584],[88.313752590504,31.778272538446],[89.503757947095,2.4211963098496],[66.074344719789,3.0024334322661],[66.223512837489,5.9478659657761],[56.813676280726,5.499323326163],[57.114238905866,4.050903076306],[49.803887945454,4.3518008049577],[49.803887945454,4.7592279147357],[41.144344756642,4.0079188654199],[41.443794186867,4.650829619728],[29.943377593037,5.0918971365318],[30.394221530762,25.410932434723],[27.563366879913,25.410932434723],[27.113636137103,11.371505139396],[0.24445064426982,13.320801132359],[0.38360000780085,18.531385685317],[2.755609632557,18.832283962518],[2.755609632557,15.841991004534],[9.0162177947641,16.141020253301],[8.7156551696244,20.620853477158],[18.726616976695,21.071266551502],[18.576335664082,26.01086058747],[27.376141411311,26.750958938152]]]},{"type":"polygon","coords":[[[285.82347232534,90.559375136159],[321.45350174358,71.978673030622],[361.0042036275,147.8991252929],[337.32432154601,160.2282107966],[329.0933583967,144.39868567139],[310.13342272479,154.28887200914],[306.27397597901,146.86936452426],[332.63443139882,133.12924065161],[329.93382055216,127.9692124743],[309.18386746832,138.76770295203],[305.52368261103,131.74812514428],[324.64391834973,121.78876141366],[319.41412867224,111.74902237952],[299.44341202395,122.1382457763],[296.50346427204,116.49790275749],[314.79436980432,106.96836779825],[306.05356338725,90.198675942607],[289.99350045045,98.567640601657],[285.82347232534,90.559375136159]]]},{"type":"polygon","coords":[[[455.82391949539,6.6188109535724],[456.1044446122,10.380971402861],[497.66446330497,9.5007047401741],[495.90338896064,50.31795253884],[507.34369302943,55.008933257312],[502.36437220624,71.438557427377],[461.3041780272,59.417705040425],[461.0136341562,51.499108101241],[470.09396502021,52.099030406214],[471.56338229866,6.6188109535724],[455.82391949539,6.6188109535724]]]},{"type":"polygon","coords":[[[410.52356591201,10.3379757246],[410.934334833,28.162005223334],[431.7833622637,27.932126139291],[431.71434417943,22.052456952631],[456.22355646736,21.7814614987],[456.1044446122,10.380971402861],[455.82391949539,6.6188109535724],[455.72373195365,16.058757934719],[452.86393423524,16.017641582526],[452.66355915178,34.637721979991],[443.00436693567,34.529324568808],[442.84406686889,48.559301288798],[432.41343058157,48.449035149068],[432.89433078183,2.6080916151404],[423.81399991782,2.4884801935405],[423.73384988445,10.468800581992],[410.52356591201,10.3379757246]]]},{"type":"polygon","coords":[[[349.12418757004,12.461092396639],[349.42363700026,29.331959025003],[408.99403610852,28.741375290789],[409.14431742107,4.2508785845712],[401.38423571785,4.5517763243988],[401.38423571785,9.9324278654531],[399.14337436823,9.9324278654531],[399.14337436823,2.9108558772132],[387.94352039948,3.3612679429352],[387.94352039948,11.580825495534],[383.17348021897,12.031238057651],[383.17348021897,2.761341500096],[375.11394908556,2.761341500096],[375.70394238678,9.6277835927904],[367.19356731561,9.4782694503665],[366.89411788539,11.43131095171],[364.05435767525,11.43131095171],[364.05435767525,2.9108558772132],[351.22367316642,3.0622391793877],[351.22367316642,12.311577837914],[349.12418757004,12.461092396639]]]},{"type":"polygon","coords":[[[229.69395867756,9.130656355992],[230.89398278834,25.410932434723],[266.5741059774,22.572020680644],[280.01370810086,1.0811739042401],[270.90443416926,4.45833052136],[265.67353129687,1.6717555774376],[255.67370143894,2.1221675816923],[255.07368938351,11.45933159627],[247.16443956268,11.167779087089],[247.76445161807,1.0176333878189],[232.23426945749,0.41770722623914],[232.83428151286,9.130656355992],[229.69395867756,9.130656355992]]]},{"type":"polygon","coords":[[[570.10339554888,18.772478095256],[573.0934370716,22.142165794969],[606.02396883804,21.751558548771],[608.79359776896,19.172429857776],[596.49390723123,13.02177200187],[615.53399293651,19.108843337744],[600.46356027291,28.847803027369],[570.10339554888,18.772478095256]]]},{"type":"polygon","coords":[[[304.48395856706,26.192147295922],[306.88400678858,30.2309172526],[348.38391295625,29.331959025003],[347.79391965506,3.5107823302969],[354.06343337658,13.348815880716],[350.0336678098,15.298105330206],[342.11439923482,2.6118271267042],[342.11439923482,12.761990440078],[339.43382589647,12.761990440078],[338.97407639955,3.9518497837707],[330.77428270775,4.1013641869649],[331.06371338377,13.061019574292],[323.0041822503,12.911505006254],[327.77422243083,4.5517763243988],[318.67385405843,0.35790149867535],[304.48395856706,26.192147295922]]]},{"type":"polygon","coords":[[[145.50414098555,15.068227498792],[148.3138449332,30.642083208077],[172.25421462316,29.171230536886],[171.89353947295,23.470978137106],[169.18402306706,23.631706508808],[167.03444369987,11.178992643952],[150.49348056287,10.158558770083],[150.16397487017,15.348566309549],[145.50414098555,15.068227498792]]]},{"type":"polygon","coords":[[[237.88373361525,111.39766866807],[277.91422250448,95.338170690462],[284.21379248853,111.0575283505],[276.43367327697,114.17859554198],[277.68379115855,117.29779260326],[271.52337053802,119.76847988367],[270.23429083469,116.53901859559],[257.1442319123,121.78876141366],[258.7539117492,125.81810954586],[251.93336654827,128.56912899669],[250.34372421974,124.5883736508],[244.16437928582,127.05905865598],[237.88373361525,111.39766866807]]]},{"type":"polygon","coords":[[[218.00429894938,68.498757986352],[256.52418234863,51.588816115633],[263.11429620357,66.579384206794],[224.59441280432,83.507983250543],[218.00429894938,68.498757986352]]]},{"type":"polygon","coords":[[[152.28349797486,23.738168016076],[165.90343767343,18.228579837829],[183.0933934417,60.748372429982],[169.47345374315,66.25793110393],[152.28349797486,23.738168016076]]]},{"type":"polygon","coords":[[[271.18384609115,37.087876853533],[277.67377240444,33.888284670189],[276.40361701441,31.309173218906],[292.75422382218,23.239165447652],[305.60383264444,49.267621018924],[282.45383133905,60.68856716156],[279.97363308416,55.64810253121],[287.49437788216,51.947648148984],[284.8438608064,46.557690294459],[277.61365987937,50.129191903397],[271.18384609115,37.087876853533]]]},{"type":"polygon","coords":[[[510.59422216061,20.159178846516],[523.77444987049,12.677871461958],[545.24352686491,50.538484764285],[532.07443110409,58.017887560651],[510.59422216061,20.159178846516]]]},{"type":"polygon","coords":[[[198.85400694824,2.8024579547346],[199.24362516601,11.240679926239],[201.44441149896,11.132281890139],[202.18357291786,27.091105168685],[224.35396270425,26.061321833171],[223.71387563215,12.442403069697],[225.56400556912,12.350825406611],[225.21446236802,4.8115576123819],[220.33421589166,5.0619942517951],[220.09376579159,0.05887286644429],[204.19400292155,0.66066483687609],[204.27415295492,2.5314631536603],[198.85400694824,2.8024579547346]]]},{"type":"polygon","coords":[[[98.644201336108,40.70797462482],[121.95338951334,31.518492440693],[128.58357838495,48.359327106737],[105.28440896195,57.528231718577],[98.644201336108,40.70797462482]]]},{"type":"polygon","coords":[[[603.12409610284,32.978120071813],[617.88394738716,22.828002250753],[632.14397415781,43.569289762527],[617.37410411931,53.719381068833],[603.12409610284,32.978120071813]]]},{"type":"polygon","coords":[[[351.54427329989,183.94814379606],[372.89423843916,174.46914976276],[379.49437104829,189.21839977615],[359.47356062912,198.91790430527],[351.54427329989,183.94814379606]]]},{"type":"point","coords":[[253770.93390679,7065227.3984554],[253770.93390679,7065227.3984554]]},{"type":"point","coords":[[253770.93390679,7065227.3984554],[253770.93390679,7065227.3984554]]}],