{"x":32353,"y":21219,"tile":[53.425900839266,-2.2796630859375],"tile_m":[-253770.93390679,7062169.917324],"water":[{"type":"polygon","coords":[[[478.69339568395,377.43648643512],[493.03357248794,197.10660592839],[513.33379482906,197.10660592839],[513.33379482906,161.26768179238],[570.66444578249,175.59654544387],[611.49643500548,188.98009174783],[611.49643500548,463.47606037091],[599.31362993305,458.65822754335],[528.85395823544,429.98655087035],[478.69339568395,377.43648643512]]]},{"type":"polygon","coords":[[[0.0004522354574874,381.52766995039],[51.983523575211,395.16680122074],[141.86399363659,419.83711119555],[191.21415029507,428.63777645864],[256.42399480686,437.45711303223],[326.9037040128,439.21686933562],[379.78380172435,449.78660760727],[466.13433073266,474.46795651037],[524.30433064676,506.18819692824],[587.7441952549,546.71818549],[611.49643500548,564.36592699029],[611.49643500548,611.3236356657],[498.00398775187,537.13679231051],[436.89404008604,505.73798709456],[309.30409251837,477.8081150027],[36.984335385729,434.40649422538],[0.0004522354574874,420.74688111991],[0.0004522354574874,381.52766995039]]]},{"type":"multipolygon","coords":[[[[0.0004522354574874,604.45101864077],[0.0004522354574874,581.69232077524],[3.4838478263991,581.35793574248],[8.0735504318145,588.39683109149],[1.334268459148,603.11721839756],[0.0004522354574874,604.45101864077]]],[[[9.3036308050505,573.07676451746],[22.473839760816,561.14722994622],[33.503374908614,536.0178103717],[36.874129089789,513.65681932401],[42.384443884104,491.59652845189],[50.353806230007,475.95683046896],[54.034028595604,474.1279626675],[53.413979031902,481.48639753181],[46.063553054788,501.08644007426],[44.534023251297,523.14670458529],[55.254090214701,544.90801480878],[63.524015185743,570.94715896901],[58.92429382616,574.01640607696],[41.164382265008,571.54681111034],[26.764092936006,572.48645285517],[14.513382974226,579.82798393723],[9.3036308050505,573.07676451746]]]]},{"type":"polygon","coords":[[[478.69339568395,377.43648643512],[493.03357248794,197.10660592839],[513.33379482906,197.10660592839],[513.33379482906,161.26768179238],[570.66444578249,175.59654544387],[611.49643500548,188.98009174783],[611.49643500548,262.8600746952],[607.67372369161,261.58786597289],[586.18349599396,286.67705473118],[606.48371833502,321.31793915574],[611.49643500548,321.50848881714],[611.49643500548,463.47606037091],[599.31362993305,458.65822754335],[528.85395823544,429.98655087035],[478.69339568395,377.43648643512]]]},{"type":"linestring","coords":[[611.49643500548,592.0582497716],[533.65405467845,533.30722074304],[422.82436964466,481.71804147959],[242.23409931545,449.22804455366],[94.143554323324,428.20811143052],[9.9837928938505,392.65792018361],[0.0004522354574874,390.28541095369]]},{"type":"multilinestring","coords":[[[0.0004522354574874,381.52019746974],[51.933429804369,395.16680122074],[141.8094470861,419.79227653518],[191.18409403256,428.66766619682],[256.434013561,437.41788279358],[326.93376027528,439.16643046401],[379.80940520723,449.79221191723],[466.18442450353,474.4175178688],[524.30878342636,506.16764793266],[587.68408272983,546.66774730198],[611.49643500548,564.35845468193]],[[611.49643500548,611.32737180684],[498.05853430237,537.16668164637],[436.93411510272,505.79216172453],[309.30854529806,477.79317022581],[36.934241614857,434.41770286299],[0.0004522354574874,420.77116656024]]]},{"type":"linestring","coords":[[9.3091967796208,573.04313917086],[22.433764744084,561.16777879652],[33.559034653998,536.04209545907],[36.934241614857,513.66802785918],[42.433424460061,491.54235372879],[50.309278433648,475.91760041378],[54.058518883598,474.16719273198],[53.434016540239,481.5424404256],[46.05910027519,501.04160587117],[44.55851353929,523.16725354083],[55.308636765229,544.91735521052],[63.558524227905,570.91726976633],[58.934312580357,574.04255911894],[41.184419773315,571.54307496175],[26.808620732278,572.54249510355],[14.559023965412,579.79249054659],[9.3091967796208,573.04313917086]]},{"type":"linestring","coords":[[0.0004522354574874,581.68671655282],[3.4337540554989,581.41771407053],[8.0590788979898,588.41737987846],[1.3086649762699,603.16765622888],[0.0004522354574874,604.47530352045]]}],"buildings":[],"roads":[{"type":"linestring","coords":[[0.0004522354574874,573.06742413994],[26.764092936006,596.98808582872],[71.183909347194,598.82813374233],[82.833494058752,595.1480374895],[88.966084806598,611.49549772218]]},{"type":"linestring","coords":[[605.00205591254,611.49549772218],[557.99406134035,577.00719290506],[499.81404267219,538.36785908043],[435.11404142823,509.50779309124],[325.82390495212,486.88706219476],[276.43367327697,478.34799507447],[235.34342283537,474.64729391318],[209.96369212941,470.93725054152],[184.79435526099,467.02731875703],[126.16349265509,457.57659658603],[40.293863846979,440.94673555717],[0.59399384536664,428.48645964637],[0.0004522354574874,428.28470389172]]},{"type":"linestring","coords":[[135.59336672025,611.49549772218],[145.94385297416,579.20778361149],[139.51403918597,558.37687038723],[148.70346315095,513.65681932401],[145.94385297416,503.23661335558],[126.33381147601,488.82801272534],[106.73378873206,479.33808646258],[94.173610585858,479.02798238397],[62.91398437621,468.91783546098],[33.813956287922,467.38786200155]]},{"type":"linestring","coords":[[530.12522682027,611.49549772218],[425.8144111674,569.75719491765],[395.09357129314,547.14784410596],[357.46424382032,525.66675291862],[288.00422115004,504.37801700551],[230.89398278834,477.28691586945],[209.96369212941,470.93725054152]]},{"type":"linestring","coords":[[0.0004522354574874,354.57065485325],[38.614052730933,365.23764820397],[173.15367610878,396.7864581747],[241.23445028812,410.49655153882],[297.3639639359,418.45657716971],[344.93412193656,418.66767372843],[370.13351506746,422.69718837086],[397.53369453136,429.49710644409],[416.06393696877,432.87651410699],[428.92356454523,425.44704604428],[434.78342254055,419.53821345698],[435.03389139485,410.44798059482]]},{"type":"linestring","coords":[[435.03389139485,410.44798059482],[435.60384718771,395.38723897655],[440.39392487655,386.39785688743],[435.40347210426,382.23755545728],[438.10408295091,378.27714075428],[444.78436559343,382.64667365886],[447.56401327852,379.97713032831],[458.34419276699,369.08785016648],[461.47338365318,363.25743685849]]},{"type":"linestring","coords":[[0.0004522354574874,172.00032068603],[22.784421140124,164.37818698678],[60.164392953622,153.03651322052]]},{"type":"linestring","coords":[[310.87035775388,391.61551069841],[298.83338121438,384.96687783953],[263.9035513933,350.04792007245],[257.46371885086,284.17748013325],[255.94420780154,260.87796967849],[251.03390506265,240.04808968212],[247.49394525541,236.9170644274],[242.76398009161,232.68756297231],[126.94384228555,195.92779484391],[84.97416786672,179.07694219239],[71.183909347194,169.58664580248],[60.164392953622,153.03651322052],[31.963826350955,23.436517570168],[22.803345453576,0.00013712514191866]]},{"type":"linestring","coords":[[434.78342254055,419.53821345698],[394.72399058368,406.7266985476],[338.05346421065,402.12740075216],[319.3640349014,396.30822040141],[310.87035775388,391.61551069841]]},{"type":"multilinestring","coords":[[[0.0004522354574874,25.371976754628],[31.963826350955,23.436517570168],[63.833483370137,5.66800874006],[69.909301177657,0.00013712514191866]],[[243.50648109519,0.00013712514191866],[256.2436572318,5.66800874006],[311.39355936059,8.7374743064865],[360.41421032627,29.267180347815],[396.87356995096,55.308015136048],[424.14350561053,100.64714846667],[429.05380834945,119.08799019922]]]},{"type":"linestring",