{"x":32365,"y":21208,"tile":[53.461890432859,-2.2137451171875],"tile_m":[-246432.97919141,7068896.3758131],"water":[],"buildings":[{"type":"polygon","coords":[[[472.64888648325,186.27646647952],[563.22955614177,138.78656899836],[567.9495025514,145.73646464478],[630.27951183639,113.78596588504],[635.6996578431,107.23617255036],[627.57890098973,98.786688084714],[645.78965648857,78.125706791878],[655.35867991718,86.855679116212],[674.97874016949,106.4751770813],[695.09973813035,128.77586653084],[677.30865711177,146.6358184712],[657.45927870847,129.07502853777],[645.84865581873,140.74607745744],[580.41951191003,175.6562849218],[600.15868401752,212.39494761545],[577.75897608011,223.16652898584],[571.16886222517,209.14533383772],[560.02912078146,215.44636738859],[566.06931635193,229.46568167489],[526.98949591399,248.23596780561],[520.59864394757,232.08518537041],[537.42903776062,221.27622127812],[531.5090672402,208.18615528941],[492.47934057319,226.58628332149],[472.64888648325,186.27646647952]]]},{"type":"polygon","coords":[[[307.80921090639,261.19508655369],[332.23938635588,251.95673843939],[335.07914656604,250.87603237759],[343.13867769946,255.36526198033],[346.24894427223,249.77662882302],[397.82883033127,278.50504077412],[392.89960327899,287.35632488132],[351.52882772055,302.92551148403],[364.219249671,336.45515720081],[339.77905546728,345.70649495721],[307.80921090639,261.19508655369]]]},{"type":"polygon","coords":[[[4.7903907749278,287.63491392788],[5.7192823508522,278.2657156745],[7.459205991996,280.20649243239],[15.129118907615,273.38572577015],[24.96864869885,284.41524657048],[17.3087545374,291.25657072384],[19.829027808912,294.08546307217],[27.498940724588,287.23666246235],[36.439009030204,297.26586233359],[28.769096114527,304.10530569218],[32.039662754047,307.76621908881],[39.709575669724,300.92490916699],[48.599550204439,310.91669735685],[40.92963728882,317.73556205072],[43.15936668939,320.24659300968],[50.829279605066,313.39594525006],[60.86918447967,324.65538558085],[53.199271564023,331.49667504244],[55.21972032194,333.75529023446],[62.889633237617,326.91587241739],[72.468675420329,337.64616470505],[64.908968800562,344.39582711086],[75.119192496117,350.24615311902],[89.289050479187,354.28659627028],[93.089497894893,354.39503941871],[93.449059850158,342.82526905928],[108.37922995535,343.29643650632],[108.02968675425,354.86620617565],[112.99898882327,355.01578292716],[113.36968272759,343.08515904099],[121.69972022364,343.3450490227],[120.89933308488,368.38606272545],[112.5893330971,368.12617356516],[86.728702190943,367.31659074407],[71.659382722282,364.34562675096],[55.238644635363,354.92603688221],[4.7903907749278,287.63491392788]]]},{"type":"polygon","coords":[[[82.030532656732,375.37502116431],[52.970579585148,367.58582845796],[35.471155632433,365.1552098766],[24.970388065936,365.43566590268],[12.321154327103,367.58582845796],[3.4411985465267,370.5362244891],[3.5596842295199,373.22673042677],[15.399625270249,379.69590705261],[37.468714320014,393.96547109075],[36.219709633326,403.18495696969],[17.09947389469,401.79577128123],[10.718640682404,410.7964936113],[1.9388724435121,405.01539103501],[6.3794069312571,394.86666649859],[2.9396346657304,392.9950966835],[1.75025548134,402.86523860879],[8.4605943863571,399.19502056483],[10.660267524421,398.35552573483],[9.3912253293674,387.13545367215],[13.890759147296,385.64530126005],[13.090372008446,397.42628523521],[19.270830137306,395.36587635055],[25.491363282839,394.29640800972],[26.680255444517,383.02584823221],[30.580890401849,382.93610250298],[29.820578279789,393.86637698952],[33.860362600681,393.75606467854],[41.090563527658,394.76570269931],[43.161106056476,384.03548762016],[49.460676040413,384.89555069339],[77.460867559683,392.41548955068],[82.030532656732,375.37502116431]]]},{"type":"polygon","coords":[[[5.1911409417808,524.63586640079],[55.059420255217,522.18659920618],[55.639394802187,536.56621744018],[10.888959503354,538.39662075695],[12.538714356895,578.76634833682],[54.299108133069,577.06496066693],[54.979270221811,593.64506147429],[2.2812494524114,595.9653006075],[5.1911409417808,524.63586640079]]]},{"type":"polygon","coords":[[[206.5986430721,45.466288488358],[256.75920562353,14.405406009406],[265.11929938212,28.746678556316],[259.14923509082,34.715033629909],[280.64948154267,64.575439457782],[253.16915204542,80.105797741562],[231.6789243478,50.245450324379],[217.34876629798,59.80563514214],[206.5986430721,45.466288488358]]]},{"type":"point","coords":[[246432.97919141,7068896.3758131],[246432.97919141,7068896.3758131]]},{"type":"polygon","coords":[[[139.7190061984,205.51616061199],[168.37932229802,150.56604957487],[194.64960893034,163.70669394359],[173.15938123272,203.12662679423],[183.90950445857,210.28587737121],[169.56932765458,223.42642288748],[139.7190061984,205.51616061199]]]},{"type":"polygon","coords":[[[85.709015655331,153.47539160121],[107.19924335295,116.17552659661],[143.85897806101,137.30571877491],[122.34871285496,174.6054844968],[85.709015655331,153.47539160121]]]},{"type":"polygon","coords":[[[57.728861644428,491.48655995261],[60.008684815839,405.2752789855],[75.448698188877,405.6866124114],[75.349623842048,409.05580630712],[83.419173729664,409.27643050347],[83.019536757725,424.3854335444],[74.908798658522,424.17602793034],[74.799705557583,428.01637640782],[82.919349216012,428.21643345803],[82.558674065862,441.90630676784],[74.398955390701,441.67633504327],[74.278730340651,445.54659006186],[82.449580964865,445.75599510875],[82.098924568883,458.99524415191],[73.889112122852,458.76527291723],[73.758868318633,463.34599946626],[81.988718272973,463.55540405028],[81.589081301005,478.5259474488],[73.319156329992,478.30532518681],[73.158856263268,483.68626310304],[79.219089342048,481.78666902799],[80.938975474797,487.29661237728],[72.979631883092,489.8057200266],[57.728861644428,491.48655995261]]]},{"type":"polygon","coords":[[[176.86965986082,316.57633677125],[184.76889092749,316.08647054993],[184.28910392217,308.19625477958],[194.91900209806,307.56615900621],[195.39878910338,315.45637540799],[203.09875828153,314.96650911868],[202.89949639299,311.69637042191],[207.12963704314,311.43647940364],[207.32889893162,314.7253154004],[208.40869799236,314.64491749369],[208.61909182995,318.10576622095],[216.42926730402,317.64581558481],[217.02927935938,327.41508654878],[211.10930883902,327.79650855903],[212.64885739665,353.01519373991],[227.07920298818,352.13643011451],[227.86957137287,365.11594603118],[184.28910392217,367.7653202638],[183.49873553755,354.79515722208],[193.65886546226,354.17628341448],[191.92896057534,325.81647939049],[177.48970942452,326.6952459421],[176.86965986082,316.57633677125]]]},{"type":"polygon","coords":[[[135.56901558157,412.88494392764],[148.08911871113,412.77650157921],[148.13921248197,419.40643967316],[157.86964917221,419.31669436209],[157.8395929097,414.21616711933],[181.89907445485,414.00489154551],[181.93914947155,419.12598555908],[193.01877839019,419.03624023404],[192.95866586518,412.3950836556],[204.07948299544,412.3053382542],[204.27874488392,436.77587899938],[193.42954731124,436.87497257441],[193.37945354034,431.91655314527],[193.29930350702,431.91655314527],[193.35941603201,440.10579623282],[182.28869267265,440.20488976687],[182.21967458838,432.01564677432],[160.32869672382,432.17644021288],[160.39882800303,440.38624961767],[148.31955005706,440.48534313869],[148.25943753208,432.29610044044],[147.50914416404,432.29610044044],[147.54921918077,438.1949736001],[135.77940941916,438.29593685083],[135.56901558157,412.88494392764]]]},{"type":"polygon",