{"x":32360,"y":21212,"tile":[53.448806835428,-2.2412109375],"tile_m":[-249490.46032282,7066450.390908],"water":[],"buildings":[{"type":"polygon","coords":[[[460.75999965391,380.05044629425],[472.04000365603,379.24111407343],[472.85040954893,366.52169038728],[507.22030233138,365.38152062241],[506.99988973961,358.72180446889],[521.72077920215,358.2414374128],[521.93005984483,364.50115992129],[556.22982134807,363.3404294271],[556.7107215483,377.52151647024],[562.35016695189,377.34021104872],[562.17984813094,371.99076469894],[562.05071752163,368.50109946448],[582.07041474586,367.82073606271],[585.29979317379,362.72174691781],[611.49994852688,378.03178841062],[599.41065182674,396.98098457046],[592.96080053019,393.36049162038],[580.47075366322,410.27044118941],[566.76064517707,399.80149135645],[578.4503049053,383.67094532028],[576.43987490155,380.05044629425],[557.09032101184,381.66163398698],[557.89070815069,398.59029969759],[471.2407297121,399.80149135645],[471.2407297121,390.12129853573],[461.17076857493,390.12129853573],[460.75999965391,380.05044629425]]]},{"type":"polygon","coords":[[[449.23063999246,429.28124123439],[462.99084224942,428.7205064632],[463.81015370166,449.37047295272],[483.37010142891,448.591053579],[482.47063994335,425.97103637829],[503.3608555856,425.1504941415],[503.61021124499,431.49053586181],[515.73067740258,431.00082762353],[516.60008262566,452.78160001058],[504.20020454618,453.26009223331],[505.18983481932,478.27061647084],[500.64020723064,478.46126510669],[501.86026884973,509.22105450649],[470.92012957862,510.4602657333],[469.98059307633,487.00119792484],[477.65050599194,486.68158143479],[477.5603372044,484.44052741304],[476.63081945633,460.96082253568],[450.5308516449,461.99070118833],[449.23063999246,429.28124123439]]]},{"type":"polygon","coords":[[[215.96064703516,140.07141717523],[222.13999196907,136.63024881575],[220.87985533333,134.37040413637],[236.58035631478,125.65999598429],[238.12992362663,128.4413462393],[242.26989548924,126.14037711732],[274.09057193247,183.4513193639],[248.07075415444,197.90001906268],[215.96064703516,140.07141717523]]]},{"type":"polygon","coords":[[[356.85995292204,396.891266644],[385.3699877091,380.4803455919],[389.85059721352,389.28019221593],[391.78978274312,388.09142846242],[397.91012834694,399.2800060818],[396.27039224759,400.03139345814],[401.33988185829,408.23123065103],[391.78978274312,413.02178582922],[390.15004664374,409.73026539758],[383.57997029714,413.32084496971],[383.7302516097,416.89086261112],[389.70031590093,416.59180360474],[389.25058515815,440.03051919863],[392.84063873623,440.03051919863],[392.97978809971,446.61166446097],[382.98997699592,447.21164931729],[382.68050881152,449.15178695135],[369.84982430268,449.00038893986],[369.69063743085,447.35183268413],[359.83997569056,447.80041945819],[359.40026370191,417.79177780729],[361.33054367226,417.79177780729],[361.19028111387,411.22182338126],[359.40026370191,406.74154123385],[361.33054367226,405.39016652294],[356.85995292204,396.891266644]]]},{"type":"polygon","coords":[[[286.28005617435,443.35006375425],[291.77033346027,443.17062895],[291.47978958933,434.36149647925],[318.40018204786,433.50170369726],[318.1107513718,424.7205972597],[330.9403226857,424.31126064062],[331.23086655667,433.36152008083],[327.58070045355,433.47179785743],[328.71059328513,468.48024203163],[332.26057184653,468.36061920319],[332.57004003096,478.14164827392],[319.41986858353,478.55098211113],[319.13043790741,469.7101140907],[292.89020753765,470.55121189076],[292.59075810746,461.30100025702],[286.87004947555,461.49164930079],[286.28005617435,443.35006375425]]]},{"type":"polygon","coords":[[[276.70991955086,378.0112280054],[280.88996643014,375.75145202596],[277.51030668968,369.45061752293],[286.88006822977,364.38153553195],[291.00000258398,372.03001641296],[297.4799101431,368.53100553993],[293.14067639192,360.48065791652],[302.03065092667,355.69007103983],[305.65076076728,362.40025628917],[310.52989404878,359.77038771193],[306.68046605712,352.61160811037],[316.34077146815,347.41167590488],[319.81059999621,353.84149811976],[323.63999047951,351.77049781755],[319.57014989606,344.20050112158],[330.80006012731,338.14076029696],[334.33000118038,344.68086902425],[336.39052495494,343.58181711845],[345.31055575222,360.14047587849],[284.70043260002,392.83152942359],[276.70991955086,378.0112280054]]]},{"type":"polygon","coords":[[[249.86077156643,233.49081131909],[257.04978428187,229.71136497706],[252.56026921814,221.15059460327],[283.62063353931,204.87015211768],[299.24989004666,234.72071977891],[261.00051301011,254.75997653697],[249.86077156643,233.49081131909]]]},{"type":"polygon","coords":[[[214.02034831062,398.89122850914],[223.58046617996,398.440769854],[223.58046617996,393.36049162038],[240.14035363036,392.01098375488],[242.39012053929,397.24079273269],[248.209903518,394.40159379225],[252.69051302239,400.98090775032],[269.11013791442,392.46144278068],[274.7807527754,391.56052471418],[277.62051298554,397.0912628537],[244.93043131917,414.85165378358],[246.26069923418,417.24038781878],[232.98028398253,424.7000369709],[220.59042465725,423.22156534716],[214.1706296232,413.06103733927],[214.02034831062,398.89122850914]]]},{"type":"polygon","coords":[[[256.68020357241,315.08117990196],[257.43049694036,297.17103404645],[277.73071928145,286.87015853729],[289.98031604834,311.04009229224],[300.58015796167,305.38032320514],[304.30045534397,311.94101949316],[271.16064293482,330.0100088641],[256.68020357241,315.08117990196]]]},{"type":"polygon","coords":[[[360.15055706986,454.70117607154],[370.09027440278,454.48062110785],[370.05019938611,452.49001879338],[382.31983366137,452.21152134612],[382.35990867807,454.10119177774],[392.1404391391,453.88063680194],[392.81058247367,483.02000911254],[382.88978945423,483.24056328926],[382.9398832251,485.39003161062],[370.65021144148,485.67039700132],[370.62015517897,484.21062775701],[360.84073791277,484.44052741304],[360.15055706986,454.70117607154]]]},{"type":"polygon","coords":[[[583.68009458276,271.82162267622],[598.8006210172,262.55061880406],[618.54981187885,273.25152452756],[617.34978776806,291.38041469362],[611.49994852688,291.79162731208],[598.00023387841,300.2401727438],[583.89048842035,292.18041012809],[583.89048842035,287.15053094272],[585.10053128531,286.95053196605],[585.29979317379,273.8403075682],[583.68009458276,271.82162267622]]]},{"type":"polygon","coords":[[[609.38042542225,306.87003163993],[609.40046293053,298.22149457037],[616.22991369074,298.24018603191],[616.22991369074,294.98039352614],[632.93006369952,295.02151477337],[632.99017622456,276.14123389032],[644.3102552433,276.18048608303],[644.19003019325,318.52040178142],[624.78036377853,318.46058924776],[624.82043879523,306.91115282103],[609.38042542225,306.87003163993]]]},{"type":"polygon","coords":[[[151.22057077452,233.53006371763],[164.81045421056,233.10015646275],[166.56039660581,289.15052044392],[152.97051316977,289.58042466361],[151.22057077452,233.53006371763]]]},{"type":"polygon","coords":[[[157.40993446263,293.82152201701],[171.30038052381,293.43087012786],[172.84994783564,347.77054984309],[158.95059621517,348.16119905282],[157.40993446263,293.82152201701]]]},{"type":"polygon","coords":[[[213.60067383034,324.87174349464],[239.62049160837,323.88109900802],[239.90992228439,331.47167559247],[228.56980575729,331.92026891839],[228.75014333238,336.52021808922],[253.41075012783,335.56135039777],[253.87049962478,347.58176720329],[214.54021033261,349.09015906788],[213.60067383034,324.87174349464]]]},{"type":"polygon","coords":[[[153.57052522514,172.89048082568],[166.55037785164,172.40075664409],[168.66990095636,229.19173769839],[155.69004832988,229.6814583689],[153.57052522514,172.89048082568]]]},{"type":"polygon",