{"x":32361,"y":21209,"tile":[53.458619911405,-2.2357177734375],"tile_m":[-248878.96409653,7068284.8795868],"water":[],"buildings":[{"type":"polygon","coords":[[[234.05406483327,15.809503898025],[266.41464080688,17.480973500758],[272.19434876883,24.39121395722],[235.85410099936,32.23067964986],[239.56437962753,67.879499509931],[281.24462337032,59.621194113977],[280.05461801373,29.76086384058],[290.79360929059,29.76086384058],[294.38366286864,20.210667334497],[315.88390932052,16.639629692771],[313.21446793122,94.490484071895],[276.50463945232,98.841209985316],[280.73366690759,126.3703104984],[355.29434864604,114.57077739295],[350.51428971134,77.551281726919],[366.04447187189,73.959651968442],[358.87438346993,39.311071838252],[361.26441293725,23.800403128378],[366.04447187189,11.849580686539],[419.79397480655,11.849580686539],[420.98398016312,4.8688268987462],[375.49438344536,19.169749489985],[375.59457098707,28.759149618447],[422.05376046969,27.429833970033],[424.76439007046,48.839080387726],[387.76401772056,54.240460922942],[388.73361048539,59.810104906559],[376.79459509783,62.190149639733],[374.40456563048,50.260004667565],[357.25357168398,58.338702199049],[339.16415443007,52.499829522334],[343.16386373425,35.770304404199],[319.69437549033,29.768756286241],[317.07391467708,15.619294060394],[235.85410099936,19.209012019448],[234.05406483327,15.809503898025]]]},{"type":"polygon","coords":[[[158.06404083307,105.16918493249],[162.98436232613,68.559990898706],[184.28423369449,71.418658831157],[182.71462887427,83.109459453262],[223.53437295326,88.589341048151],[229.53449350703,43.959325351752],[256.73429788751,47.608858902939],[250.74419608788,92.250071851537],[276.01372049795,95.639705147594],[272.66411701997,120.55991566181],[158.06404083307,105.16918493249]]]},{"type":"polygon","coords":[[[13.073743659508,88.809957147576],[19.994476402149,39.210442088544],[20.273888324009,39.249704521149],[21.52400620564,30.309082771651],[31.674117376184,31.730010362342],[31.924586230482,29.989374025725],[54.09386282193,33.079891340807],[53.804432145844,35.099103453569],[60.16411465485,36.000270174816],[57.603766366636,54.360117631033],[42.924065115716,52.320344416425],[41.994547367591,58.920158709399],[37.774425471667,58.320005847141],[35.854164255463,72.099204864353],[80.753767671995,75.840337410569],[80.50441201264,79.480508152395],[96.464287407667,80.5891987551],[101.16419630896,46.859134168364],[122.28373010227,49.809422129765],[116.42387210691,91.749011752196],[113.60414940515,91.360129274428],[112.00448832239,102.80037084129],[79.053919047583,100.51942841616],[79.274331639375,97.320499056019],[24.014223214675,91.990193665959],[24.243541365722,90.359878575429],[13.073743659508,88.809957147576]]]}],"roads":[{"type":"linestring","coords":[[295.67385576695,144.16944798641],[442.64452668169,163.18901779503]]},{"type":"multilinestring","coords":[[[0.00038266074261628,110.76496791001],[39.753686017939,114.33033776935],[142.07410917548,125.50879952218]],[[442.64452668169,163.18901779503],[540.08359016792,168.59032052755],[611.49615670671,167.76395322755]]]},{"type":"linestring","coords":[[142.07410917548,125.50879952218],[273.75393483482,138.72886670567],[295.67385576695,144.16944798641]]},{"type":"linestring","coords":[[80.193830633332,538.310011914],[185.57442659276,540.04866727535]]},{"type":"linestring","coords":[[73.093873510574,368.03959095757],[270.16388125677,369.2305019917],[433.78460840945,375.20001095813]]},{"type":"linestring","coords":[[537.69356070063,458.79883871693],[537.57444884544,264.17912269011]]},{"type":"linestring","coords":[[131.62454857471,228.29980404675],[130.75403015674,235.69031007029]]},{"type":"linestring","coords":[[9.1809010664874,181.35039285664],[17.684596968174,166.54870705027]]},{"type":"linestring","coords":[[0.00038266074261628,197.3317702692],[9.1809010664874,181.35039285664]]},{"type":"linestring","coords":[[142.07410917548,125.50879952218],[131.62454857471,228.29980404675]]},{"type":"linestring","coords":[[57.583728858299,235.46035007853],[130.75403015674,235.69031007029],[272.95354769609,236.12031653151]]},{"type":"linestring","coords":[[442.64452668169,163.18901779503],[433.77458965531,286.33930242807],[433.78460840945,375.20001095813],[434.98463252018,456.40956518333]]},{"type":"linestring","coords":[[611.49615670671,397.18788171187],[598.36379637785,358.60016580112],[597.15375351295,306.72893142793]]},{"type":"linestring","coords":[[595.02421165403,306.51019096095],[597.15375351295,306.72893142793],[611.49615670671,308.21337514278]]},{"type":"linestring","coords":[[186.56405686593,452.8387403274],[186.02415733557,500.6203568615],[185.57442659276,540.04866727535],[186.09094903007,611.4958563298]]},{"type":"linestring","coords":[[80.083624337421,611.4958563298],[80.193830633332,538.310011914],[79.073956555978,503.00026943255],[79.073956555978,450.44946499914],[79.073956555978,407.44986431487],[73.093873510574,368.03959095757],[69.513838686631,320.27026347164],[62.353769038804,279.65928513743],[57.583728858299,235.46035007853],[52.524258001737,201.48976492509],[39.753686017939,114.33033776935]]},{"type":"linestring","coords":[[0.00038266074261628,450.95611107722],[79.073956555978,450.44946499914],[186.56405686593,452.8387403274],[273.87415988493,455.28970981203],[366.90385834087,456.40956518333],[434.98463252018,456.40956518333],[457.0136465533,457.54998534918],[537.69356070063,458.79883871693],[549.04369598185,455.28970981203],[611.49615670671,455.22427585535]]},{"type":"linestring","coords":[[273.73167093666,141.50337666087],[272.95354769609,236.12031653151],[272.55391072412,285.62886144593],[270.16388125677,369.2305019917],[273.87415988493,455.28970981203],[272.00287924468,611.4958563298]]},{"type":"linestring","coords":[[273.75393483482,138.72886670567],[273.73167093666,141.50337666087]]},{"type":"linestring","coords":[[365.5446473583,611.4958563298],[366.90385834087,456.40956518333]]},{"type":"linestring","coords":[[452.35381266871,611.4958563298],[457.0136465533,457.54998534918]]},{"type":"linestring","coords":[[541.1856531268,611.4958563298],[537.69356070063,458.79883871693]]},{"type":"linestring","coords":[[40.432734911767,189.36352083925],[17.684596968174,166.54870705027],[7.0658307413687,139.59075972717]]},{"type":"multilinestring","coords":[[[7.0658307413687,139.59075972717],[0.00038266074261628,121.6517739417]],[[52.524258001737,201.48976492509],[40.432734911767,189.36352083925]]]},{"type":"linestring","coords":[[62.353769038804,279.65928513743],[272.55391072412,285.62886144593],[433.77458965531,286.33930242807]]},{"type":"linestring","coords":[[461.974043063,143.56930157356],[453.27442485755,92.050021743402],[438.18952066015,0.00026272237300873]]},{"type":"linestring","coords":[[611.49615670671,0.70138102211058],[461.974043063,143.56930157356]]},{"type":"linestring","coords":[[461.974043063,143.56930157356],[442.64452668169,163.18901779503]]},{"type":"linestring","coords":[[2.7377289393335,0.00026272237300873],[1.8137771657784,17.948871631175]]},{"type":"linestring","coords":[[1.8137771657784,17.948871631175],[0.00038266074261628,51.522009568289]]}]}