{"x":32357,"y":21215,"tile":[53.438991491843,-2.2576904296875],"tile_m":[-251324.94900166,7064615.9022291],"water":[{"type":"linestring","coords":[[611.49573925865,23.105969666503],[604.25885916213,29.213139245287],[598.2887948709,33.09272188507],[588.73869575575,31.601437456906],[560.65946739807,25.942776682787],[548.1293455144,24.442147015594],[537.06864090916,27.131320036016],[532.89861278405,37.282519505359],[534.38918076578,49.22212245129],[545.72929729288,64.452611969784],[558.86944998614,77.292919762433],[559.46946204151,88.042059730738],[557.97889405981,98.781841337681],[546.92932140362,103.57147651166],[532.29860072868,104.4628753243],[513.78950899444,102.67260255013],[495.26928531117,96.391694576479],[485.11917414068,93.422230546363],[479.45857803387,95.191949009895],[478.54909779408,102.37173204217],[482.13915137213,110.72135181166],[490.79869456094,123.86245450657],[497.06932147735,131.63273792528],[496.47932817612,142.38180433586],[491.98869991754,149.54285719432],[485.41862357088,153.13272494357],[469.88955460524,155.22198611684],[457.0588700964,153.72138087265],[450.48879374977,149.54285719432],[441.22923850562,141.18206572533],[437.34864105657,127.45233386569],[430.48913403385,118.80186178815],[416.14895722989,108.93294920959],[402.11936180521,103.2724747872],[387.47862237607,108.93294920959],[373.75849513579,120.59213092364],[347.77875237443,140.29253978655],[330.44853404778,150.73138204589],[317.01895067847,147.76193833631],[307.16940213309,139.39180122875],[307.16940213309,127.45233386569],[308.06886361868,116.40237725992],[312.53945436893,102.97160429694],[296.41927890715,99.381713865325],[229.23907940835,105.96162111312]]}],"buildings":[{"type":"polygon","coords":[[[180.51899106774,195.55134651344],[211.73854226072,144.68223720975],[299.1187765589,198.33202977385],[303.20865465066,191.66249954235],[322.7185086071,203.64298258815],[298.04899625239,243.81138648652],[257.30940220677,218.79282038473],[234.05921335969,256.63271701802],[247.53889049985,264.91303184722],[240.13948394684,276.98310293164],[188.20894149173,245.10267723817],[195.46919868127,233.29231119901],[200.32940764932,236.27293529548],[226.47946923153,193.66205107979],[215.60912095563,186.99251693767],[202.18955634048,208.85302011576],[180.51899106774,195.55134651344]]]},{"type":"polygon","coords":[[[121.01872323875,318.49286984],[133.52880761412,297.56141993497],[145.71940505088,304.8531427905],[148.24858388171,300.61303105392],[156.75895895282,305.69219503831],[177.90854900866,270.29308282956],[202.25857442481,284.8317226842],[187.31949876033,309.84260587301],[203.70906738981,319.6122271372],[199.1494210469,327.25150945224],[212.23947996931,335.06270539109],[229.53852883857,306.08275607973],[250.53895077671,318.60312374029],[265.19861451929,294.05197225697],[281.15848991432,303.56186175533],[229.18898563748,390.66212763265],[178.40948671722,360.37242243346],[179.96907278322,357.75250419322],[136.58898041598,331.83171164058],[138.35896031963,328.86233565211],[121.01872323875,318.49286984]]]},{"type":"polygon","coords":[[[285.59902440204,294.96203684807],[331.47935253251,218.70312117133],[378.81907918726,247.18257057946],[332.95878856513,323.44308146648],[285.59902440204,294.96203684807]]]},{"type":"polygon","coords":[[[172.21900983423,502.37181899231],[206.26941567808,449.20246247388],[218.96874318775,457.33308231365],[215.26848331379,463.09234418906],[222.35953487732,467.6313571753],[219.22923079619,472.51233490091],[229.42943573758,479.03213546053],[206.01894682381,515.6019694265],[195.89889191577,509.13265286107],[192.07952018664,515.09182420373],[172.21900983423,502.37181899231]]]},{"type":"polygon","coords":[[[7.0787716321938,265.21202748269],[34.338688537682,198.59178440459],[51.61881309349,205.66308721714],[24.35889618806,272.29261456337],[7.0787716321938,265.21202748269]]]},{"type":"polygon","coords":[[[376.24871214482,154.7529302137],[401.82881793423,135.97198380157],[420.9290161645,162.00180302002],[395.34891037512,180.78268786799],[376.24871214482,154.7529302137]]]}],"roads":[{"type":"linestring","coords":[[77.198918882874,263.12279524747],[132.90875805038,293.88191911578],[143.17909427098,299.56281352043]]},{"type":"linestring","coords":[[145.87859192269,541.70155325904],[150.04862004783,533.63268556632],[155.42869103784,529.76269076299],[160.79874327377,529.76269076299],[168.26939430088,532.45169266406],[192.44910089608,546.49278994277],[282.32845776255,398.97220176458],[362.34936052444,448.12236571498],[396.0891849889,468.84225852136],[309.19541686552,611.4956085477]]},{"type":"linestring","coords":[[132.90875805038,293.88191911578],[116.6093582084,322.24150150269],[174.53890802234,358.072052042],[172.44944118016,361.06197280902],[197.52860926095,376.29186422564],[180.80953493874,402.56195675395],[216.63882624544,424.35272513796]]},{"type":"linestring","coords":[[3.4787313779816e-5,585.209389369],[42.657594084652,611.4956085477]]},{"type":"multilinestring","coords":[[[472.68590021398,277.75301549863],[362.34936052444,448.12236571498]],[[600.19681094313,127.91952262726],[594.44938563346,138.32287485246],[579.67061003574,154.19043684006]]]},{"type":"multilinestring","coords":[[[579.67061003574,154.19043684006],[544.82872261238,191.60269986559],[512.81880303475,215.78228997253],[472.68590021398,277.75301549863]],[[611.49573925865,107.46971042082],[600.19681094313,127.91952262726]]]},{"type":"linestring","coords":[[14.718628285365,134.59284389578],[23.198947094003,151.46206311136],[24.859833896655,155.81811688561]]},{"type":"linestring","coords":[[24.859833896655,155.81811688561],[30.738616205374,171.23153894674],[30.738616205374,184.7313398933],[17.768782333063,215.50197982322],[3.2193248863623,250.04172225855],[3.4787313779816e-5,257.6735966038]]},{"type":"linestring","coords":[[8.523698622681,212.06724529341],[3.4787313779816e-5,208.89973851386]]},{"type":"multilinestring","coords":[[[3.4787313779816e-5,247.39373671543],[3.2193248863623,250.04172225855]],[[17.768782333063,215.50197982322],[8.523698622681,212.06724529341]]]},{"type":"linestring","coords":[[3.4286055290722,276.69158262294],[24.459083729715,283.60210609995],[42.038657715864,277.6427610293],[67.769044817804,220.51205511671],[55.709804380138,205.91162918974]]},{"type":"linestring","coords":[[55.709804380138,205.91162918974],[49.878889452433,198.85153903905],[30.738616205374,184.7313398933]]},{"type":"linestring","coords":[[382.80209056783,0.00034435465931892],[311.10899891224,24.821509210393],[183.79846326655,70.513030528091],[179.26887318614,72.232297369279],[66.888507645635,114.8924208954],[14.718628285365,134.59284389578],[3.4787313779816e-5,140.15051462408]]},{"type":"multilinestring","coords":[[[187.55438288589,133.28471638821],[184.2092321876,137.97154936474],[164.22849678504,167.35202379618]],[[164.22849678504,167.35202379618],[152.82938092784,184.11278639641],[158.78942646494,215.80284605362],[157.53930858331,225.84168041497],[146.08898576029,246.79200663883],[133.68910768084,269.47271405719],[101.35858796973,253.16249448527],[120.50887997096,223.02176340949],[122.0784847911,211.09176546149],[117.67913851497,180.3323208997],[164.22849678504,167.35202379618]]]},{"type":"linestring","coords":[[200.5787633087,122.96171408705],[190.48876466323,129.17158837244],[187.55438288589,133.28471638821]]},{"type":"linestring","coords":[[146.08898576029,246.79200663883],[158.86401052374,254.35287255328]]},{"type":"linestring","coords":[[158.86401052374,254.35287255328],[199.9186387283,278.65186963137],[209.16928841322,288.80274757463],[218.42884365737,297.76137244329],[227.07948128696,303.43292051367]]},{"type":"linestring","coords":[[179.26887318614,72.232297369279],[186.84973050919,90.278970375657]]},{"type":"linestring",