{"x":32357,"y":21220,"tile":[53.4226275461,-2.2576904296875],"tile_m":[-251324.94900166,7061558.4210977],"water":[{"type":"multipolygon","coords":[[[[611.49573925865,23.650816735812],[611.49573925865,58.648847301491],[580.56895832645,42.490181417204],[540.25905751527,38.981971922331],[515.71867576989,47.741284416988],[487.67952242889,74.250801935792],[447.36850842286,132.92037787661],[409.80931222919,198.73096033465],[393.65908050493,255.31118666474],[393.43866791314,284.77145000268],[404.88899073613,310.72164660972],[422.18915280033,334.54038547538],[445.80892235684,356.09132308047],[500.1784748552,389.81019463576],[545.52892220946,467.72114310227],[566.6885310194,565.51176047605],[567.54457790367,611.49639582541],[540.5662993099,611.49639582541],[538.50911512002,569.97051470168],[529.74938438952,512.14100660756],[512.21879097939,459.5619081948],[498.77918885593,431.80027281307],[479.3394661787,411.12188223563],[442.5494876664,384.41174772847],[391.29910730012,349.16110681836],[363.72860901532,295.81131510157],[363.25884076417,238.76063887309],[382.53937656956,186.18159869406],[407.07864512,135.37123875227],[439.36908981443,86.441675721668],[468.54926793606,45.800375526771],[504.39859675118,17.181721655652],[544.30886059033,7.8619563085958],[582.33893823007,11.310401518829],[611.49573925865,23.650816735812]]]]},{"type":"linestring","coords":[[611.49573925865,45.159632644616],[570.69937227268,22.931613526307],[521.03863423489,25.451626551338],[485.3585110459,49.271220930852],[376.98898675857,228.21198167],[375.04868803412,291.59151060414],[408.48906306838,342.21033668797],[480.14875887672,392.85125584062],[515.49937637302,443.49185212702],[543.20902402131,539.04124135338],[549.94719279904,611.49639582541]]},{"type":"multilinestring","coords":[[[540.51509234417,611.49639582541],[538.44900259504,569.92194847483],[529.69929061865,512.17089373432],[512.19875347105,459.5469645327],[498.8237166522,431.796536888],[479.32388144996,411.17044942919],[442.57397795439,384.42108760402],[391.32359758808,349.17044674139],[363.69855275276,295.79637113027],[363.19872823916,238.79613105487],[382.57388561172,186.17039056215],[407.0741923404,135.42167566996],[439.32344882324,86.421127222478],[468.57375822405,45.796639417298],[504.44869052203,17.170513287187],[544.32444531907,7.9217343516648],[582.3244666963,11.295457022265],[611.49573925865,23.654552848078]],[[611.49573925865,58.626430674456],[580.57452430099,42.546223088168],[540.19894499029,38.920326053165],[515.69863826159,47.795457997359],[487.69844674235,74.295635098591],[447.32398062653,132.92037787661],[409.82378376299,198.67118372396],[393.69915552164,255.29624262266],[393.44868666731,284.79573399201],[404.9491032612,310.67121081613],[422.1991715545,334.54598943237],[445.82450708555,356.04649150651],[500.19851236351,389.79525084142],[545.57345000579,467.67070829961],[566.6985497736,565.54538326617],[567.54903068327,611.49639582541]]]}],"buildings":[],"roads":[{"type":"linestring","coords":[[146.50866024059,133.56111367792],[176.37901920514,247.02097301837]]},{"type":"linestring","coords":[[41.408589397935,85.771047387272],[70.078924251749,33.220883328468],[84.63060808825,0.00072855968028307]]},{"type":"linestring","coords":[[300.28874440712,240.28119853977],[308.2091261771,203.0516871335],[321.23907257445,165.28027343191],[334.24898146343,120.9107750617],[337.7789225165,105.37055743299],[340.10883945879,85.010752800852],[340.76896403922,66.470377003774]]},{"type":"linestring","coords":[[340.76896403922,66.470377003774],[340.72888902255,14.170405604877],[342.76158292446,0.00072855968028307]]},{"type":"linestring","coords":[[349.97508592778,0.00072855968028307],[346.36944762102,14.641157322563],[345.02916095185,61.391147103161],[340.76896403922,66.470377003774]]},{"type":"multilinestring","coords":[[[404.66412536477,264.80812199134],[404.47933501005,263.31185107585],[407.81891973378,238.46175733302],[407.92356005518,238.15353573393]],[[417.31669868829,304.94020718709],[412.8806169802,295.61704349518]],[[490.23541793751,93.945610641502],[513.68932145278,66.421807697974],[535.94876683175,52.220877904445],[541.55704277795,50.982358357869]],[[581.14002731419,611.49639582541],[581.36934546524,608.32092789933],[577.05905478174,573.65033930447]]]},{"type":"multilinestring","coords":[[[412.8806169802,295.61704349518],[406.92947700238,283.1107989205],[404.66412536477,264.80812199134]],[[407.92356005518,238.15353573393],[416.94934436868,211.75104217883],[428.74921039279,187.65173184592],[485.51881111262,99.480622066185],[490.23541793751,93.945610641502]],[[577.05905478174,573.65033930447],[572.12871453451,533.98099305201],[553.86897845968,464.86130233109],[532.16947011938,416.11122603156],[509.11854316079,381.55187696498],[494.4288231557,367.73071041144],[447.33845216036,336.35046473704],[419.7289920538,310.01180936396],[417.31669868829,304.94020718709]],[[541.55704277795,50.982358357869],[550.30898114413,49.050790533423],[563.44913383733,49.790539967827],[585.81878551227,56.330594480038],[609.41851756041,68.291725659743],[611.49573925865,69.72825574223]]]},{"type":"linestring","coords":[[440.35983328251,0.00072855968028307],[438.15125458516,7.1334113487974]]},{"type":"linestring","coords":[[438.15125458516,7.1334113487974],[425.57883129499,47.741284416988],[454.82914069583,54.001132664271]]},{"type":"multilinestring","coords":[[[611.49573925865,10.776135459542],[587.09784646146,0.00072855968028307]],[[521.14884053083,0.00072855968028307],[516.57917543376,1.0416520657018],[503.32881644461,7.3912041885778],[483.51951305798,22.150764260441],[461.47936707581,45.120403488167],[454.82914069583,54.001132664271],[426.62857409316,91.640444429591],[373.08946499613,184.85156694427],[359.83910600698,213.25105884485],[350.59847507626,256.21156536601],[351.04931901395,278.07093556318],[356.38931498732,303.6606311705],[369.7487670774,331.30129523017],[390.45864514459,356.90202722512],[412.26947297578,377.07060124166],[474.49929471902,423.96042321343],[486.51846013995,439.65132245887],[508.89924376394,493.63151503913],[525.25875613088,548.3603834426],[532.82848150484,600.10019591358],[532.65704948906,611.49639582541]]]},{"type":"linestring","coords":[[70.078924251749,33.220883328468],[153.67874864256,52.331093060784]]},{"type":"linestring","coords":[[9.1593329151219,264.24024891946],[19.9194748952,146.69151620567]]},{"type":"linestring","coords":[[3.4787313779816e-5,263.00549844373],[9.1593329151219,264.24024891946],[62.689536452846,266.39032077882],[108.75910771769,262.80188600998],[144.60954972764,255.39151090942],[176.37901920514,247.02097301837],[206.98853958855,238.88019149005],[245.89915440048,235.79050305672],[293.58842425628,239.72826778982]]},{"type":"linestring","coords":[[293.58842425628,239.72826778982],[300.28874440712,240.28119853977]]},{"type":"linestring","coords":[[239.66860250075,146.69151620567],[306.92004647371,162.01869783644]]},{"type":"linestring","coords":[[306.92004647371,162.01869783644],[321.23907257445,165.28027343191]]},{"type":"linestring","coords":[[351.93876174543,390.33135938272],[329.24850993702,354.50167023111],[312.5194168606,321.07031928282],[299.37926416736,280.46197565924],[300.28874440712,240.28119853977]]},{"type":"linestring","coords":[[62.689536452846,266.39032077882],[85.609106412303,439.31135329977]]},{"type":"linestring","coords":[[144.60954972764,255.39151090942],[172.78896562709,430.94100924209]]},{"type":"linestring","coords":[[248.02869625931,341.37161125243],[306.70853944117,322.90094950609]]},{"type":"linestring","coords":[[306.70853944117,322.90094950609],[312.5194168606,321.07031928282]]}]}