{"x":32366,"y":21200,"tile":[53.488045536056,-2.208251953125],"tile_m":[-245821.48296513,7073788.3456234],"water":[{"type":"polygon","coords":[[[381.92304925135,489.56574830413],[394.84278935281,493.47578263655],[457.30304244201,486.40591532923],[469.90329560489,478.45487946738],[483.87277850453,474.09583760239],[506.24243017944,469.60583489668],[514.20288696609,469.60583489668],[525.31257214729,472.14642840158],[532.97246630871,474.5448377328],[597.07245549728,462.97559292149],[603.53343874295,459.53512375057],[611.49612191939,455.04137113225],[611.49612191939,474.95829199627],[609.15284663823,475.8357129693],[597.30288684327,478.6756377453],[517.42335983473,495.1950746337],[509.3226404897,498.93486083951],[502.41303969614,502.39589202683],[494.30341479185,503.74475836568],[486.65242618963,503.59509220719],[476.59248380666,501.34635786898],[466.8331040488,497.14634899795],[462.62300090701,500.60551014077],[445.66347648468,503.89629534818],[445.06346442926,500.45584392827],[456.62288035324,494.89574199636],[456.77316166586,491.88557751849],[397.77271835046,498.93486083951],[389.51281213362,506.00471699703],[386.06302111398,511.09523401782],[382.45293002753,512.59563569352],[381.92304925135,489.56574830413]],[[520.73288829604,489.33563617337],[523.12291776331,491.28504115157],[590.39328604969,477.32489630766],[596.40342535762,472.37654103059],[597.74259883189,467.86595816445],[533.34316021306,479.72517489921],[520.73288829604,489.33563617337]]]},{"type":"polygon","coords":[[[0.00034787339973263,308.04636396188],[16.413293595979,305.58616548311],[41.363331067434,303.67600324936],[55.053402045189,303.24570219219],[65.133381936583,303.45524009969],[82.542637101724,306.4261877127],[99.533330981503,310.46540248394],[112.91282057998,314.60564226005],[124.90304293329,318.84503601678],[136.37340326462,324.16579002608],[147.94283794277,331.49585246854],[162.91308306463,343.48623353522],[184.15284190801,361.84500781819],[211.0131218415,388.91631155089],[221.19328927455,399.74480719119],[224.97258598701,406.7548845131],[260.58257789686,450.50645749643],[270.45327714548,460.67633446585],[275.13314853841,465.78558892477],[281.71324363921,468.96600930765],[319.71326501641,481.91591958888],[335.63306539477,485.31522076018],[352.40334668278,485.84653682727],[368.55246521212,485.95504503325],[377.14299031664,487.54525133781],[381.92304925135,489.56574830413],[382.45293002753,512.59563569352],[350.29272913735,516.63474553358],[284.04316058155,523.42583339568],[277.67345931835,510.16543383803],[271.51303869783,499.21548504289],[270.56348344142,493.26624974608],[273.75278685262,485.52475385927],[258.03336155767,458.56602993608],[223.11243729581,417.38504599594],[198.94274945481,394.54570927564],[161.56277764129,362.36510699056],[138.47288886103,344.04562206101],[126.29342337325,336.15618216433],[116.81345553734,331.53514068667],[104.50263305055,327.28639936727],[87.312677282171,323.80471224803],[65.862524601223,322.40530184098],[42.932935887657,320.28560619708],[19.192941281071,320.17522485647],[0.00034787339973263,323.06946055219],[0.00034787339973263,308.04636396188]]]},{"type":"linestring","coords":[[445.67349523882,490.68637556303],[406.97327426451,495.23623287119]]},{"type":"point","coords":[[245821.48296513,7073788.3456234],[245821.48296513,7073788.3456234]]},{"type":"linestring","coords":[[545.96345088427,475.04622118454],[445.67349523882,490.68637556303]]},{"type":"point","coords":[[245821.48296513,7073788.3456234],[245821.48296513,7073788.3456234]]},{"type":"linestring","coords":[[587.56243139881,467.05588639062],[545.96345088427,475.04622118454]]},{"type":"point","coords":[[245821.48296513,7073788.3456234],[245821.48296513,7073788.3456234]]},{"type":"linestring","coords":[[611.49612191939,464.16357404087],[587.56243139881,467.05588639062]]},{"type":"linestring","coords":[[406.97327426451,495.23623287119],[302.79270241587,499.1256853044],[289.64253096841,490.12512654159],[277.32280292237,477.81505458429],[260.34324099164,454.03485999629],[211.42277756764,397.94504788052],[178.81284593465,366.34629664943],[149.94324919232,342.14482341148],[132.46274955306,330.97575126868],[118.30291032413,324.94594247546],[100.03315549513,318.79639338516],[87.93272684596,316.02563363034],[74.132449572295,313.68517341185],[57.883143501182,312.50652412511],[42.292848815589,312.41485139634],[26.232785878819,312.91624508426],[3.0126532942813,315.385795651],[0.00034787339973263,315.97699097637]]},{"type":"linestring","coords":[[611.49612191939,186.21604486462],[232.38312448913,447.22500434797]]},{"type":"linestring","coords":[[232.38312448913,447.22500434797],[205.663107114,461.72587400489],[160.01321032949,489.28512375709],[70.973202423571,540.15470879804],[35.232966709504,570.28605208546],[3.5525528246362,594.98633465171],[0.00034787339973263,600.75963812135]]},{"type":"multilinestring","coords":[[[0.00034787339973263,308.05571833067],[16.357633850566,305.59551985655],[41.357765092951,303.72090422641],[55.107948595687,303.22138082702],[65.107778453705,303.47020709515],[82.482524576684,306.47108867578],[99.483237210661,310.4710150985],[112.85827402945,314.59628790338],[124.85851513696,318.84503601678],[136.35781853591,324.22004523408],[147.98291295944,331.47153118998],[162.85742331928,343.4712666152],[184.10831411171,361.84500781819],[210.983065579,388.97056631651],[221.23336429123,399.72048611846],[224.98260474118,406.72120921314],[260.60818137974,450.47091154754],[270.48333340799,460.72123455536],[275.10754505554,465.84545567445],[281.73328114761,468.9697509734],[319.73330252478,481.97017371748],[335.60746191189,485.34515406378],[352.35770569154,485.84653682727],[368.60812495757,485.97001168411],[377.10848127454,487.59576377086],[381.98316177636,489.5956815891]],[[382.48298629004,512.59563569352],[350.23261661231,516.59545822907],[283.98304805649,523.47073313594],[277.73245864845,510.22155859414],[271.48298243535,499.22109752987],[270.60801123769,493.22134984005],[273.73274934423,485.47049975395],[257.9832677868,458.59596334118],[223.10798451622,417.34575820342],[198.98282447152,394.5962223066],[161.60841863253,362.34639839083],[138.48290761514,344.09613541048],[126.23331084827,336.09631443769],[116.8579833337,331.59500844963],[104.48259554215,327.34626716189],[87.358318273444,323.84587137122],[65.858071821625,322.34543401003],[42.983029658557,320.34547404014],[19.233016297745,320.22012574133],[0.00034787339973263,323.05823533796]]]},{"type":"multilinestring","coords":[[[381.98316177636,489.5956815891],[394.85837408149,493.47017015237],[457.35758899248,486.34604872856],[469.85765461368,478.46984612942],[483.85830697074,474.09583760239],[506.23241142527,469.59648072161],[514.23294322853,469.59648072161],[525.35821313845,472.09591587074],[532.98248506288,474.59535024781],[597.10807773439,462.96998040937],[603.48334497213,459.59499054868],[611.49612191939,455.0395002896]],[[611.49612191939,474.93584199436],[609.10831884187,475.84506713506],[597.35743339377,478.72053773422],[517.48347235975,495.22126623895],[509.35826272675,498.97040657327],[502.35849314567,502.34537969436],[494.35796134235,503.72043761518],[486.60789839333,503.59509220719],[476.60806853534,501.34635786898],[466.85759433676,497.09583663289],[462.60741617833,500.59615599643],[445.60781673924,503.84578302409],[445.10799222556,500.47081054002],[456.60840881942,494.84522960987],[456.73308664915,491.84629009105],[397.73264333379,498.97040657327],[389.48275587111,505.97104211897],[386.10754891025,511.09523401782],[382.48298629004,512.59563569352]],[[520.73288829604,489.34499032889],[523.10844622954,491.34490770847],[590.35766381264,477.34547547624],[596.35778436644,472.34473685548],[597.73258007772,467.84537897725],[533.35763174688,479.72143324185],[520.73288829604,489.34499032889]]]}],"buildings":[{"type":"polygon",