{"x":32366,"y":21201,"tile":[53.484777029728,-2.208251953125],"tile_m":[-245821.48296513,7073176.8493971],"water":[],"buildings":[{"type":"polygon","coords":[[[536.49350180253,29.781396470964],[629.58331278348,41.67039378453],[656.00276753344,115.43878943194],[569.26262030733,131.18882287107],[563.58309988701,132.1597527666],[550.21251584787,54.428862530738],[536.49350180253,29.781396470964]]]},{"type":"polygon","coords":[[[300.99266624969,491.44990927912],[332.01295555415,386.96020129975],[345.48261394017,392.17012783885],[345.15310824741,343.35008241236],[369.36287110514,342.61863062438],[371.43341363387,400.08883549646],[394.12255224734,407.84852528851],[384.57245313219,441.29853805061],[414.15338142071,451.88854961842],[393.522540192,520.70925027598],[300.99266624969,491.44990927912]]]},{"type":"polygon","coords":[[[345.15310824741,150.48018600792],[350.52316048331,137.3399142744],[357.09323682988,133.14939023647],[355.90323147332,117.02894745301],[360.68329040802,96.128633320332],[366.64333594503,84.189313527197],[378.31295816493,89.468657716177],[374.74294209518,98.968475159258],[372.35291262783,123.45879492909],[374.15294879393,143.159875012],[378.32297691907,170.02031353489],[381.30299968761,187.34915803559],[386.08305862226,224.9699997101],[389.073100145,242.88987944182],[398.02318720479,264.97959720716],[414.15338142071,285.87946666405],[429.67243163221,303.19870453328],[448.79266737081,314.53906210046],[469.6929017673,322.29883553833],[487.00308258567,326.48925970029],[509.10334109282,321.70020333305],[528.21244488237,315.13956556842],[546.12263775611,298.40963411238],[572.3929243884,269.15882721078],[581.03243006894,279.4591044588],[558.33327270125,305.14987575356],[539.23307447095,322.44849358872],[515.932791853,336.17960709892],[496.83259362268,338.57974344119],[478.32350188849,339.7788759768],[458.94277854136,334.2602457935],[442.48307863271,327.83992272802],[426.96291522632,317.07950949669],[412.03274512108,304.54937153123],[397.70258707131,289.0185579462],[386.95246384537,269.89963945281],[378.0034899805,252.58032891899],[370.83340157851,234.67917853128],[365.45333058847,210.78971334547],[363.66331317651,188.09933171142],[362.47330781995,177.33872899786],[355.90323147332,174.35860817693],[347.54313771473,164.20972631034],[345.15310824741,150.48018600792]]]},{"type":"polygon","coords":[[[134.30286073586,153.85878881067],[193.46249092303,61.758609310724],[239.75247477964,91.509678924456],[184.12278564551,178.08890361805],[168.43341661306,167.98866632767],[164.88343805171,173.49992909282],[134.30286073586,153.85878881067]]]},{"type":"polygon","coords":[[[358.28324218647,66.269075443968],[373.54291798439,41.030262475833],[391.72250402585,19.69011093583],[406.06268082984,12.519343176857],[423.38288040241,2.9801354380324],[448.46316167811,2.9708842644468],[474.73344831044,2.3703567618504],[500.74324733423,5.8087858017534],[524.03351119801,15.368568921462],[511.70265120285,34.579769489355],[503.13327680159,28.499688643962],[484.02305981712,20.739627928473],[458.94277854136,20.139102178626],[437.44253208957,23.128634887747],[421.3134510685,27.899163487367],[399.23323006969,44.029141269624],[382.33270497745,75.828785731457],[370.83340157851,72.23875106778],[358.28324218647,66.269075443968]]]},{"type":"polygon","coords":[[[38.50242015408,432.29860720038],[40.892449621431,425.43874866981],[39.992988135782,414.07984253205],[45.363040371652,413.77865918633],[49.5531060051,400.65004764404],[58.503193064942,403.61885925289],[61.782665263687,394.37943497673],[132.5529183406,417.06922685076],[118.52332291589,460.05974125396],[38.50242015408,432.29860720038]]]},{"type":"polygon","coords":[[[142.33344880168,464.86929174326],[146.55245750278,452.25894722808],[171.84313261608,460.72009588499],[177.0528847852,445.16901027039],[182.4429745294,446.96862019505],[198.61324376203,398.68019283004],[235.25294096177,410.95950775966],[209.67283517239,487.40922714863],[142.33344880168,464.86929174326]]]},{"type":"polygon","coords":[[[68.083348442568,275.42018513195],[168.91320361837,235.88955124747],[180.59284459244,265.70918541402],[79.77300817077,305.21909274906],[68.083348442568,275.42018513195]]]},{"type":"polygon","coords":[[[13.737590485369,149.23986801319],[18.372516633943,95.889173624106],[29.323014943249,102.48927896563],[3.1128408359946,146.03898612596],[23.473175702064,158.29998432472],[29.01243356397,149.06962827314],[24.803443617071,146.54970553238],[32.543487811927,133.69004278909],[38.152876952983,137.079877357],[46.972720208549,122.40929151792],[34.51272960403,114.9093602784],[40.872412113065,104.36005612928],[56.51280056953,113.77005855273],[58.932886299357,109.74976265896],[68.723435514636,115.62025454175],[29.682576898515,180.51901991013],[4.1325273716648,165.13949537929],[6.4134637380193,161.35868324246],[13.737590485369,149.23986801319]]]},{"type":"polygon","coords":[[[579.37265646123,510.05011533387],[587.37318826449,505.10964446142],[582.29256670465,496.89921482932],[604.51305026191,483.14967251476],[606.543517774,486.39905629493],[597.17264303906,492.20005420595],[598.82351108751,494.86016856693],[614.0932056396,485.40946287755],[635.89290152167,520.64003515709],[639.51301136223,518.38960822858],[645.18251302833,527.55967307556],[642.1724339973,529.40977259073],[645.62333821185,534.97877531499],[622.90303014099,549.04998345114],[616.14259746508,538.1289921198],[602.13303954879,546.80891793687],[579.37265646123,510.05011533387]]]},{"type":"polygon","coords":[[[55.257534161472,401.54985770583],[43.307386824832,362.72885348834],[28.987247529119,366.89867843315],[25.987187252234,357.93981898949],[15.213269485248,342.71029594261],[5.362607744959,376.45989730489],[19.716560335917,368.99949116353],[28.987247529119,397.95997038204],[7.4531877820264,409.01023325417],[8.3426305134781,405.11916564032],[19.983309665695,409.60885887314],[15.512718915445,425.13943646103],[55.257534161472,401.54985770583]]]},{"type":"polygon","coords":[[[541.3325600673,55.959167540073],[550.21251584787,54.428862530738],[563.58309988701,132.1597527666],[569.26262030733,131.18882287107],[586.42251981309,230.96013417654],[571.86304361225,233.45945190452],[541.3325600673,55.959167540073]]]},{"type":"polygon","coords":[[[193.02277893439,361.12003753055],[198.56314999118,330.94906583615],[234.27332944277,337.50969054364],[237.30344598219,321.00990552176],[256.43258728003,324.5287400987],[247.85319412468,371.19945117272],[193.02277893439,361.12003753055]]]},{"type":"polygon","coords":[[[205.57293832646,304.97963935137],[210.78269049554,275.5399122797],[236.13347813391,280.02032513637],[238.97323834407,263.96004434861],[265.05316864711,268.56019099429],[257.00254307289,314.04893150646],[205.57293832646,304.97963935137]]]},{"type":"polygon","coords":[[[67.503373895539,359.8891060343],[76.662741598033,331.83017657232],[84.153430133505,334.27895302419],[89.802894291235,316.92985135037],[120.87327736657,327.04860632867],[106.0733510656,372.46031233761],[67.503373895539,359.8891060343]]]},{"type":"polygon","coords":[[[210.81274675811,208.74872282147],[254.19283912535,187.97960325144],[262.97260736418,206.31861516275],[249.08327449791,212.97849271633],[257.8129489659,231.19958980102],[228.31328390568,245.31997589581],[210.81274675811,208.74872282147]]]},{"type":"polygon","coords":[[[21.056847005006,325.32005675416],[11.337542263878,297.10012216587],[1.7674056403921,300.40009185206],[0.25304311749642,294.55966837611],[29.553446289239,304.63916655257],[27.003116755135,312.02854553983],[33.723474414321,314.35011862777],[26.73261039253,334.64935611282],[1.2727296531957,325.89998143446],[0.91692473069998,332.25857220404],[21.056847005006,325.32005675416]]]},{"type":"polygon","coords":[[[29.913008244504,553.27957197279],[34.642973408278,538.73883204535],[99.932967953471,559.95973573998],[95.213021543837,574.48921279702],[29.913008244504,553.27957197279]]]},{"type":"polygon",