{"x":32366,"y":21213,"tile":[53.445535306201,-2.208251953125],"tile_m":[-245821.48296513,7065838.8946817],"water":[],"buildings":[{"type":"polygon","coords":[[[378.01350873467,514.44495436177],[384.49341629376,513.79455907922],[382.78243572023,487.57498800568],[390.84308004859,486.67415011115],[387.56249465491,427.56438289676],[398.90261118201,426.06546696369],[389.35251206689,279.46376695018],[458.92274103305,275.57436208148],[464.50318710651,369.86526012234],[450.8632098996,371.11561158206],[452.65322731159,402.18556734547],[412.64277593064,405.46375457942],[413.533331857,434.71506773494],[416.44322334634,434.36557021458],[421.00286968923,513.55533321667],[412.64277593064,514.44495436177],[414.64318718019,566.03533388861],[380.99241830831,567.90427338798],[378.01350873467,514.44495436177]]]},{"type":"polygon","coords":[[[267.37306683522,113.64558843616],[275.29344860517,112.63443437498],[274.68341779563,107.84406690206],[304.64283235284,104.05550657958],[305.14265686649,108.03470975533],[313.37250682083,106.98430497199],[313.8934820377,111.13545899],[329.64296359519,109.11501914635],[326.88335341841,87.454600811936],[337.20267021493,86.123835413717],[336.33326499184,79.344778448343],[371.34324484633,74.873999363743],[370.82338282434,70.763945634477],[388.15248795616,68.564066066407],[389.01298761994,75.273977192119],[415.82317378258,71.855474434793],[414.82241156034,63.943756283261],[432.21274241208,61.725184238516],[432.6925294174,65.453954914585],[475.90341615863,59.943971359171],[477.90271421327,59.70473182667],[527.93303296051,53.385441169143],[529.87333168503,68.653780788183],[510.56273961713,71.085423311219],[511.15273291833,75.774883979931],[492.34307855897,78.144845511764],[500.69315356339,144.18387560174],[490.36270481779,145.49407183658],[492.07257219637,158.94553200528],[474.58316699782,161.17529108468],[473.91302366328,155.90461060125],[424.33243565881,162.16401054431],[423.5031054524,155.6952785356],[403.08265806129,158.27454821765],[403.90308270848,164.77505170833],[343.27292204788,172.46425454225],[343.99315915335,178.16480118223],[327.46332796547,180.25437758211],[324.12263004677,153.95520554576],[336.20302118763,152.42446432915],[334.38294751314,138.07398471236],[316.10317392999,140.38411837071],[316.58296093531,144.10537595581],[271.95275068647,149.77416931465],[267.37306683522,113.64558843616]],[[420.4529514047,85.194916174747],[427.13323404721,140.33552333433],[478.00290175498,134.163951125],[471.3226191125,79.025170164183],[420.4529514047,85.194916174747]],[[334.55326633409,96.424178054556],[341.17343645153,151.6338616088],[395.23352076547,145.15390678495],[388.62336940214,89.944178173319],[334.55326633409,96.424178054556]]]},{"type":"polygon","coords":[[[364.44254961208,617.22542771697],[377.43242099276,570.40491374396],[410.6334591218,579.61503825709],[397.63245579207,626.43549792189],[364.44254961208,617.22542771697]]]},{"type":"polygon","coords":[[[598.59307974149,521.21429510042],[655.9125987459,482.11389031261],[669.3432953101,502.11546936631],[612.02266311081,540.6345335748],[598.59307974149,521.21429510042]]]},{"type":"polygon","coords":[[[317.94328511279,437.05501860846],[339.39343779377,433.22549800295],[346.45331989985,472.75413577165],[325.00316721891,476.58550627623],[317.94328511279,437.05501860846]]]},{"type":"polygon","coords":[[[263.47243187783,540.50557632279],[282.76298643739,537.43489789777],[286.3931150322,560.38552711345],[267.10256047262,563.43376937229],[263.47243187783,540.50557632279]]]},{"type":"polygon","coords":[[[178.51339650439,23.644896605052],[193.65284725229,20.884283586405],[198.61324376203,47.88479455281],[183.48269857341,50.675303147174],[178.51339650439,23.644896605052]]]},{"type":"polygon","coords":[[[179.92270125783,81.834358351305],[190.72291825464,80.165293236263],[191.58341791845,85.753762976266],[199.61289278936,84.264127781615],[202.85340316634,101.69489802234],[194.29293432433,103.2854585778],[194.32299058689,103.47423249204],[187.5325016485,104.54519726429],[183.51275483592,105.15450699907],[179.92270125783,81.834358351305]]]},{"type":"polygon","coords":[[[172.28284460472,10.334821217693],[187.41338979334,13.116005874239],[192.16339246547,12.753833461553],[177.03284727686,15.514449300244],[172.28284460472,10.334821217693]]]},{"type":"polygon","coords":[[[222.46344466449,294.32422905415],[232.87293024859,292.35429893713],[233.81246675091,297.36509744544],[238.04260740106,296.56516414043],[242.34287933036,319.47537163179],[238.12275743438,320.28464761563],[227.70325309614,322.22466685064],[223.40298116682,299.31446728949],[222.46344466449,294.32422905415]]]},{"type":"polygon","coords":[[[183.68307365687,113.43438620958],[190.02271865751,112.46435114276],[204.29276418229,110.2551378971],[207.69246143114,132.20519552473],[193.42241590636,134.40505746007],[191.76264229862,123.64497931208],[185.40295978959,124.61501301639],[183.68307365687,113.43438620958]]]},{"type":"polygon","coords":[[[257.09271186043,487.38435426913],[273.42328115983,484.80519149266],[277.11240908474,508.05500537902],[260.77293422612,510.63416059408],[257.09271186043,487.38435426913]]]},{"type":"polygon","coords":[[[242.40299185543,407.95510121435],[258.05339906603,405.4843133362],[261.77258325342,428.94555331301],[246.11327048353,431.42380977981],[242.40299185543,407.95510121435]]]},{"type":"polygon","coords":[[[239.49310036609,382.12392910942],[255.82255647049,379.54473215155],[259.35249752356,401.82485453133],[243.01302266496,404.40404426213],[239.49310036609,382.12392910942]]]},{"type":"polygon","coords":[[[232.71263018184,355.49461460207],[248.47324368838,352.98456161283],[252.0833347748,375.82545389049],[236.32272126828,378.33549966197],[232.71263018184,355.49461460207]]]},{"type":"polygon","coords":[[[260.6426904219,514.03378493339],[275.73316059381,511.02477171365],[280.34290070756,534.20535777509],[265.25243053565,537.21436221153],[260.6426904219,514.03378493339]]]},{"type":"polygon","coords":[[[251.27292888181,461.07498568948],[266.70292350065,458.64533156808],[270.33305209543,481.57376100309],[254.91307623076,484.02396666072],[251.27292888181,461.07498568948]]]},{"type":"polygon","coords":[[[286.7025832166,28.024120285176],[308.50339229355,23.964507118799],[311.47339630788,39.885206525214],[289.68260598514,43.965371233411],[286.7025832166,28.024120285176]]]},{"type":"polygon","coords":[[[236.1234593798,17.695243501104],[251.23285386513,20.554932009429],[255.50306953196,1.9449945790693],[240.41259936002,4.8252347707748],[236.1234593798,17.695243501104]]]},{"type":"polygon","coords":[[[240.8033307727,10.565152248368],[255.9027065039,7.6849141372368],[260.18294092486,30.184760693461],[245.08245199881,33.064990649],[240.8033307727,10.565152248368]]]},{"type":"polygon","coords":[[[248.53335621336,434.60479846783],[263.482450632,432.23494332843],[267.10256047262,455.10551108513],[252.15346605398,457.46414560452],[248.53335621336,434.60479846783]]]},{"type":"polygon","coords":[[[194.29293432433,141.56535150204],[210.21273470268,139.11504017562],[213.50333885057,160.46505774837],[197.58242527736,162.92470766418],[194.29293432433,141.56535150204]]]},{"type":"polygon","coords":[[[270.25290206203,571.73559798114],[285.3734284965,568.85556342453],[289.55347537581,590.81556691974],[274.4429676955,593.71428284887],[270.25290206203,571.73559798114]]]},{"type":"polygon","coords":[[[200.85299191682,170.23449862655],[214.30261279445,168.36546552274],[217.53310441726,191.61433697212],[204.08348353964,193.4852336254],[200.85299191682,170.23449862655]]]},{"type":"polygon","coords":[[[230.78346340641,328.86521078739],[244.37334684245,326.6953066662],[247.92332540383,349.13444155827],[234.33344196781,351.28378065675],[230.78346340641,328.86521078739]]]},{"type":"polygon","coords":[[[277.22261538063,596.79428416584],[291.31343652523,593.95537522435],[295.55248273467,614.99392776843],[281.46277478492,617.83469811268],[277.22261538063,596.79428416584]]]},{"type":"polygon",