{"x":32362,"y":21212,"tile":[53.448806835428,-2.230224609375],"tile_m":[-248267.46787025,7066450.390908],"water":[{"type":"polygon","coords":[[[295.37840688089,548.81029998604],[296.42814967912,529.69137877785],[301.5276955523,510.0415880559],[310.71823271224,492.29075555783],[321.55741153075,480.46120642591],[334.28790849788,470.57177205756],[350.28785890958,462.18135022186],[394.97818168346,444.64162041061],[439.42805435721,425.77104089782],[497.97765373485,394.57168407459],[552.43737502076,360.31056689471],[580.17819212639,340.72016935889],[592.05820818388,334.93145089969],[604.40799249246,332.42119808961],[611.49570447128,334.24360806309],[611.49570447128,413.40308623016],[609.75800722002,416.85161111876],[604.72747943105,439.49034542777],[600.13777682564,483.07047490124],[593.87828185837,521.50101248454],[587.07777416584,564.02092119306],[579.43791751264,601.95015483443],[577.22711242549,611.49551615026],[324.75450730632,611.49551615026],[314.41737939129,600.49040697049],[305.61757364406,587.6105969511],[298.38737271706,568.30112269334],[295.37840688089,548.81029998604]],[[415.1080852036,529.97174260207],[415.87841607991,545.39173782244],[426.96806375275,553.22134575062],[448.10763505439,552.1410135841],[465.72839725201,559.22111169901],[482.00775958566,580.62023999728],[513.80839852054,578.83153002523],[524.55740855154,558.53141921386],[533.40842126455,537.31166406441],[547.26769786826,516.68061724678],[556.96807829602,478.87059893366],[553.9780367733,461.63183241524],[541.79745809073,446.51073242165],[521.02746749853,445.43038574047],[500.88754522422,453.47130168695],[469.14813200923,468.08025320247],[450.76817088434,485.90029661637],[424.17839731343,514.03023970313],[415.1080852036,529.97174260207]]]},{"type":"multilinestring","coords":[[[611.49570447128,183.85319170542],[610.75765624736,185.21021163464],[611.49570447128,195.87383818347]],[[611.49570447128,241.90016643051],[608.51790809256,254.80109799188],[603.77792417462,278.42159887869]]]},{"type":"linestring","coords":[[603.77792417462,278.42159887869],[549.56755854806,287.39165119361],[520.90835564336,293.11124584731],[511.35825652821,304.59154396318],[490.33779708174,309.3616010882],[468.36778237874,314.14100105129],[444.4775064596,325.60070823133],[427.27753193711,335.15014004707],[413.8980423387,344.72012087423],[398.60831027827,360.01150575653],[377.59786958594,379.11027514189],[356.57741013943,398.22021332197],[334.60739543647,404.91167141218],[312.2978562866,408.87046994362],[294.70826354637,411.45172514115],[279.68792465358,414.72081542853],[258.43814705606,419.54127257969],[242.23782156091,423.88136371132],[230.41791802848,426.59158306941],[220.17763807043,429.07003113814]]},{"type":"multilinestring","coords":[[[295.3427846439,548.7654418759],[296.4682246958,529.64091328625],[301.46758302732,510.01542069484],[310.71823271224,492.26645724941],[321.59303376783,480.51541043445],[334.34245504838,470.51569887903],[350.34240546008,462.14022984542],[394.96816292929,444.64162041061],[439.46812937388,425.76543354709],[497.96763498068,394.51561035216],[552.46743128326,360.26570772473],[580.21826714306,340.76502863877],[592.09271722604,334.89032986015],[604.4681050175,332.3912918726],[611.49570447128,334.2174401274]],[[611.49570447128,413.36009647977],[609.71793220335,416.89086261112],[604.71746067688,439.51651301701],[600.09324902933,483.0162709076],[593.8426596213,521.51596523914],[587.09335889449,564.01531394199],[579.46797377514,601.89034442604],[577.24047076437,611.49551615026]],[[324.73001701836,611.49551615026],[314.46747316213,600.51657402515],[305.59308335613,587.64050220232],[298.3428449207,568.26561011374],[295.3427846439,548.7654418759]],[[415.09250047489,530.01660081465],[415.84279384284,545.39173782244],[426.96806375275,553.26620383002],[448.09316352056,552.1410135841],[465.71837849787,559.26596974581],[481.96768456898,580.6407998791],[513.84290756271,578.89134060312],[524.59303078864,558.51646652725],[533.46742059465,537.26680590026],[547.21760409744,516.64136624243],[556.96807829602,478.89115907904],[553.96801801914,461.64117796347],[541.84309908198,446.51633975934],[520.96735497346,445.39113438036],[500.84301742789,453.51616032887],[469.09247226382,468.14006461855],[450.7180771135,485.89095110912],[424.21735913522,514.01528693456],[415.09250047489,530.01660081465]]]}],"buildings":[{"type":"polygon","coords":[[[119.29768912372,262.70015121065],[181.48743585034,235.10015958454],[223.737635386,330.27168835048],[161.5679261678,357.8806948131],[119.29768912372,262.70015121065]]]},{"type":"polygon","coords":[[[131.79775474491,0.53000290039927],[145.83736892376,13.208752349019],[161.35753233015,20.979103759862],[176.58826506048,25.74935934972],[193.30733938277,28.138226666488],[230.02829981071,17.541726619937],[237.7984002681,37.540408945642],[227.04827704219,46.510733406059],[210.92810158039,56.071716124192],[188.82784307323,65.62147211656],[162.84810031185,71.281412120908],[157.11737292589,60.720424379222],[151.50798378477,50.37998879794],[140.75786055886,25.601768023334],[131.79775474491,0.53000290039927]]]},{"type":"polygon","coords":[[[41.957359700202,41.370415356942],[76.957320800517,25.650367509574],[104.01797581746,85.920974012464],[107.96759135078,94.700585967861],[72.967630250525,110.42049710453],[71.167594084371,106.40173562523],[41.957359700202,41.370415356942]]]},{"type":"polygon","coords":[[[45.6876758367,340.24167034775],[52.667407909408,314.6718376372],[64.998267904593,318.03068659082],[58.007403882773,343.60050848871],[45.6876758367,340.24167034775]]]},{"type":"polygon","coords":[[[53.708245148358,309.9709420288],[59.618196914525,284.09073293861],[70.998388458334,286.68137444928],[65.07841793797,312.57092081755],[53.708245148358,309.9709420288]]]},{"type":"polygon","coords":[[[39.518349656893,357.41154250596],[48.388286683359,348.68081855495],[64.827949083701,365.39086627588],[55.958012057265,374.12157185469],[39.518349656893,357.41154250596]]]},{"type":"polygon","coords":[[[63.098044196726,252.22166101262],[64.107711978228,227.45154680032],[75.767315443954,227.92070678249],[74.747628908255,252.70016532484],[63.098044196726,252.22166101262]]]},{"type":"polygon","coords":[[[59.757346278027,280.01037737634],[62.807500325784,255.39175154921],[74.327954428009,256.83100214414],[71.277800380252,281.43093200307],[59.757346278027,280.01037737634]]]},{"type":"polygon","coords":[[[110.56801465573,358.96105341613],[134.14770919559,357.36107591912],[134.90802131768,368.4001664333],[111.32832677785,370.03004778735],[110.56801465573,358.96105341613]]]},{"type":"polygon","coords":[[[78.728413899051,359.99094530661],[101.51774005423,358.93114729691],[102.04762083045,370.25060509704],[79.24827592104,371.32161636744],[78.728413899051,359.99094530661]]]}],"roads":[{"type":"linestring","coords":[[606.06776610023,510.74063024111],[611.49570447128,511.61536743492]]},{"type":"linestring","coords":[[79.288350937743,575.13074948918],[86.767907524132,555.800684941],[96.617456069507,537.22007862851],[106.64734219,522.83180740196],[118.13774002969,513.56109662075],[144.52825171204,495.97101460211],[177.32742647934,479.52104715817],[220.8978751759,465.78125160933],[259.82741430114,458.21136361733],[305.62759239823,465.69153446518],[313.33758033061,474.77165241819]]},{"type":"linestring","coords":[[200.48744653887,391.62033670396],[214.20757377919,436.46051196009],[220.8978751759,465.78125160933]]},{"type":"linestring","coords":[[145.2373568684,205.9617465511],[115.9681231541,219.68143090419]]},{"type":"linestring","coords":[[6.9574714871123e-5,181.07746838033],[41.597797744937,175.34097045101]]},{"type":"linestring","coords":[[29.487350341515,47.131309758872],[55.837787007215,102.85027029924]]},{"type":"linestring","coords":[[55.837787007215,102.85027029924],[63.798243793804,119.69167861063]]},{"type":"linestring","coords":[[119.25761410702,118.7608225774],[81.40787404243,141.62097050622],[61.938095102727,153.10148767661]]},{"type":"linestring",