{"x":32352,"y":21219,"tile":[53.425900839266,-2.28515625],"tile_m":[-254382.43013307,7062169.917324],"water":[{"type":"polygon","coords":[[[85.975382324395,0.00013712514191866],[100.380124433,45.017981721088],[112.01969039036,73.427633074112],[125.37023692124,100.12779276539],[140.83028780256,121.92762568966],[159.56981088271,145.16776216682],[180.41995150829,164.76676652208],[205.70060786745,184.92804053426],[245.59973975754,211.82771847397],[285.13040413318,235.56825722475],[406.05008781241,301.25789086614],[479.81038241205,340.98749774881],[500.64048552932,350.49813872296],[524.33038636501,357.20658046193],[555.96961203832,366.95818992332],[611.49577404596,381.52766995039],[611.49577404596,420.74688111991],[515.78995503142,385.3965452062],[489.73006223669,376.62759008538],[465.73959877578,366.98807989247],[393.51996592875,328.09739456978],[271.29005184281,261.53742597811],[232.57981211439,237.50740102679],[187.53994613944,209.61768517271],[162.9105088014,187.70787118468],[139.96978813873,164.76676652208],[118.69997303287,137.65769334789],[102.43062945339,111.59657854959],[90.340219558362,83.446742142551],[78.660578584328,52.16757606715],[62.765268493997,0.00013712514191866],[85.975382324395,0.00013712514191866]]]},{"type":"multipolygon","coords":[[[[611.49577404596,581.69232077524],[611.49577404596,604.45101864077],[604.45147666856,611.49549772218],[588.62073188287,611.49549772218],[589.84969906125,610.77816044074],[598.73967359596,592.9978890894],[608.54024156544,581.9781359015],[611.49577404596,581.69232077524]]]]},{"type":"linestring","coords":[[611.49577404596,390.28541095369],[488.95973136037,361.17821441777],[470.08996447598,352.62780338153],[395.47028340749,312.94682625867],[273.7702500977,247.0573971048],[234.39988578885,222.69666452426],[193.29961659308,194.57711251732],[167.89984837879,174.64751589857],[145.73057178731,152.69650561828],[125.76987389318,127.94690228347],[109.78996098976,103.59701347351],[98.240563819971,76.228052860126],[86.210266449925,47.816543327644],[70.69789540788,0.00013712514191866]]},{"type":"multilinestring","coords":[[[85.944212866947,0.00013712514191866],[100.4302182039,45.042268306017],[112.05531262743,73.416423916817],[125.43034944622,100.1670246711],[140.80468431968,121.91641660035],[159.55533934891,145.16776216682],[180.42997026246,164.79292091914],[205.68057035911,184.91683153715],[245.55521196127,211.792223447],[285.18049790405,235.54210307077],[406.05565378699,301.29151736386],[479.80481643757,341.04167350288],[500.680560546,350.542973781],[524.30478288213,357.16734982654],[555.9306502165,366.91709121224],[611.49577404596,381.52019746974]],[[611.49577404596,420.77116656024],[515.80553976007,385.41709451284],[489.67996846582,376.66682062577],[465.68059944568,367.0422554668],[393.55558816579,328.04321872815],[271.30563657152,261.54303041287],[232.55532182645,237.54289594758],[187.55553086809,209.66812550277],[162.93054630977,187.66677154694],[139.92971312205,164.79292091914],[118.67993552453,137.66703422926],[102.43062945339,111.54240123369],[90.304597321316,83.416851100512],[78.680616092694,52.16757606715],[62.722967087466,0.00013712514191866]]]},{"type":"multilinestring","coords":[[[588.60180756947,611.49549772218],[589.80517126492,610.79310496897],[598.68067426587,593.04272277653],[608.55471309923,581.91648949683],[611.49577404596,581.68671655282]],[[611.49577404596,604.47530352045],[604.47596695655,611.49549772218]]]}],"buildings":[],"roads":[{"type":"linestring","coords":[[476.47970324755,582.88788725063],[556.13993085921,590.86642081477],[569.0095771898,586.56798918825],[593.22045324245,582.88788725063],[609.4597405594,571.24791908264],[611.49577404596,573.06742413994]]},{"type":"linestring","coords":[[611.49577404596,428.28470389172],[520.22047076494,397.08722488862],[446.8197381206,366.16797374096],[328.62960835558,303.13723819703],[195.900039898,226.50770430826],[166.58961797212,206.19708296657],[131.73993818442,175.03796310816],[107.9598685611,135.56720277667],[89.270439251879,106.71688217577],[52.749853907328,12.006836814806],[47.227293969074,0.00013712514191866]]},{"type":"linestring","coords":[[115.97041911865,0.00013712514191866],[125.82998641816,24.837670504116],[140.60987521079,55.046467613429],[163.28008951087,100.34823871218],[183.34988050594,128.03657490294],[210.10997289774,153.49795208313],[237.77063997011,173.46683331858],[278.23972765307,198.74685305823],[370.21968331086,253.36801027507],[400.65999806827,268.59715437889],[485.63016539076,312.44803394098],[546.76015056495,336.68706275616],[611.49577404596,354.57065485325]]},{"type":"linestring","coords":[[420.13979576217,243.93011091929],[434.82061020794,230.54665721953],[486.9003207807,213.68653722107],[611.49577404596,172.00032068603]]},{"type":"linestring","coords":[[400.65999806827,268.59715437889],[409.27056068106,255.94792498741],[413.99050709076,249.5364337191],[420.13979576217,243.93011091929]]},{"type":"linestring","coords":[[407.0642083736,237.69795270637],[421.33981987293,186.73642510176],[449.82981715165,101.86707377341],[474.03958000938,37.227588076144],[490.58054314632,9.9480726998299],[533.78029793844,16.39712149743],[592.90987186311,26.496635255404],[611.49577404596,25.371976754628]]},{"type":"linestring","coords":[[409.27056068106,255.94792498741],[405.72058211971,242.49723804835],[407.0642083736,237.69795270637]]}]}