{"x":32352,"y":21220,"tile":[53.4226275461,-2.28515625],"tile_m":[-254382.43013307,7061558.4210977],"water":[{"type":"multipolygon","coords":[[[[493.64962150753,79.231017113663],[500.08054849063,65.151533505879],[505.58975009,53.190397600643],[509.26997245563,38.791430146433],[527.96051495982,28.681501235813],[550.62961606495,20.411599702202],[560.44020278857,23.170725250617],[561.3496830283,30.831636861898],[554.01038900035,36.960734442808],[541.44019209995,44.621632753871],[527.65995233468,59.02058963012],[508.35047346167,69.45178443566],[495.79029531544,82.001330507919],[493.64962150753,79.231017113663]]],[[[569.94020813284,21.341894004494],[569.94020813284,10.921844388358],[588.62073188287,0.00072855968028307],[604.45147666856,0.00072855968028307],[598.4302054116,6.0219131521881],[589.84969906125,18.28200993035],[578.51960128828,24.091678929515],[569.94020813284,21.341894004494]]]]},{"type":"linestring","coords":[[493.67967777001,79.171239606105],[500.05494500775,65.170214009471],[505.55524104784,53.171717067249],[509.30559469262,38.795166260563],[527.93045869732,28.67029288318],[550.67970983582,20.420940001495],[560.43018403434,23.170725250617],[561.30515523202,30.796143745072],[554.05491679668,36.921505246311],[541.43017334581,44.670202187262],[527.67998984299,59.046742355451],[508.30483247043,69.421895641834],[495.80476684927,82.046163628809],[493.67967777001,79.171239606105]]},{"type":"multilinestring","coords":[[[569.93018937868,21.295192486607],[569.93018937868,10.921844388358],[588.60180756947,0.00072855968028307]],[[604.47596695655,0.00072855968028307],[598.4302054116,6.0461979852989],[589.80517126492,18.296954422258],[578.55522352536,24.046845485456],[569.93018937868,21.295192486607]]]}],"buildings":[],"roads":[{"type":"linestring","coords":[[380.18389093177,611.49639582541],[395.2398520615,514.89062161278],[400.01991099617,477.62130240351],[413.40051378953,470.93029042892],[470.73005154807,465.20127039775],[550.9902912151,469.0305799786],[611.49577404596,466.02690705191]]}]}