{"x":32355,"y":21200,"tile":[53.488045536056,-2.2686767578125],"tile_m":[-252547.94145422,7073788.3456234],"water":[{"type":"multipolygon","coords":[[[[45.433693460946,0.00073786079883575],[43.601374642516,47.156308440492],[37.621291597112,87.776065239683],[28.671204537357,131.36475635041],[0.00024351140018553,214.95491536707],[0.00024351140018553,0.00073786079883575],[45.433693460946,0.00073786079883575]]],[[[271.47014590655,611.49617542699],[260.4317051995,567.10567231011],[252.06159268675,536.35507579986],[250.87158733013,510.66494420916],[252.6014922171,493.24567062128],[254.46164090824,459.91490372922],[258.04167573215,398.99646656867],[263.72119615244,355.7048416296],[284.31196236445,285.84655297454],[300.14159395525,216.86509895697],[303.13163547797,193.57616912853],[307.4218886531,170.78483182844],[314.40162072584,82.365348276682],[317.64101790797,0.00073786079883575],[378.46153489777,0.00073786079883575],[379.111640724,34.654713703319],[374.04103791833,98.326204340905],[371.29144649574,139.80631912779],[364.69131388664,211.45634089969],[349.35148805531,240.646004254],[344.01149208198,291.17481261212],[340.97135678839,320.06484351028],[326.05120543743,340.36563056801],[318.800967002,345.47496248223],[315.66175736164,353.23530361522],[312.32105944297,449.05655675568],[319.7115604367,512.93612581585],[325.46121213617,562.52592319995],[329.94182164059,583.7558816988],[334.41129919593,604.91469287872],[334.55044855943,611.49617542699],[271.47014590655,611.49617542699]]]]},{"type":"multilinestring","coords":[[[3.6454698120942,0.00073786079883575],[0.00024351140018553,49.792454835959]],[[299.69408960227,611.49617542699],[293.81196770875,571.46653389372],[286.70199183177,522.52596781775],[282.45181367331,480.11617890839],[281.86182037205,428.16486082692],[296.55154037714,332.20491123851],[322.50122687596,267.79629850201],[338.59134607521,172.565933601],[349.2613192678,76.475670147687],[347.76629850641,0.00073786079883575]]]},{"type":"multilinestring","coords":[[[45.415882342437,0.00073786079883575],[43.566865600384,47.096438540146],[37.566745046614,87.719937490299],[28.691242045665,131.34604720213],[0.00024351140018553,214.97736610938]],[[271.48016466072,611.49617542699],[260.44172395364,567.09631825145],[252.06604546634,536.34572170395],[250.81592758471,510.72106896527],[252.56698317494,493.22134984005],[254.4416033999,459.97102884576],[258.06616602014,398.97027464584],[263.69113988988,355.71980852634],[284.31641514407,285.84655297454],[300.19168772615,216.84639001265],[303.19174800295,193.59487813059],[307.4419261615,170.84470079746],[314.44169574254,82.344768079929],[317.66662139085,0.00073786079883575]],[[378.40810154215,0.00073786079883575],[379.06599973279,34.594843702391],[374.06664140121,98.344913571142],[371.31593678374,139.84560829401],[364.69131388664,211.47130806837],[349.31697901318,240.59549024981],[344.06603863242,291.21971366275],[340.94130052588,320.09477743693],[326.06679016611,340.34505103901],[318.81655173074,345.47122075781],[315.69181362414,353.22033671755],[312.31660666328,449.0958443908],[319.69152292836,512.9698006548],[325.44117462786,562.46979880799],[329.94182164059,583.72033633944],[334.44135545849,604.9708169708],[334.57605204234,611.49617542699]]]}],"buildings":[{"type":"polygon","coords":[[[445.88107130179,381.40482913982],[451.26114229183,263.17521721777],[452.75171027356,257.48585797939],[540.54160029785,243.75542110018],[539.65104437151,296.90530696698],[495.75108998228,296.6059668446],[495.15107792689,354.82553651556],[482.02094398782,355.72542111296],[482.02094398782,363.7850898141],[496.04163385328,364.38563583139],[496.04163385328,357.81517350674],[513.66128285602,358.11638217885],[513.66128285602,364.68497338705],[539.35159494128,364.68497338705],[539.4818387455,370.67546397448],[539.94158824251,390.05566156283],[454.24116506038,390.35499816015],[445.88107130179,381.40482913982]]]},{"type":"polygon","coords":[[[563.82184540745,282.57625700999],[564.43187621699,267.64475700725],[567.41189898553,253.01631246228],[580.24147029949,258.98630760517],[579.94090767432,252.41575801745],[592.19161763613,258.08641203772],[592.19161763613,253.61499597877],[613.40132021697,252.41575801745],[616.97133628669,361.39600131195],[595.47108983487,361.99654750898],[595.47108983487,367.95523551665],[583.5309612524,367.06470660493],[581.45151316441,326.16574903205],[573.09141940583,326.16574903205],[566.81188693017,307.94533681218],[564.43187621699,295.10552433319],[563.82184540745,282.57625700999]]]},{"type":"polygon","coords":[[[392.59131786416,113.79497666378],[399.68125623278,28.686420738697],[415.5409440861,14.905072548427],[428.74120930437,15.406485035084],[428.64102176265,29.285121174529],[418.20147991605,28.80616082903],[411.7015348486,102.96609083377],[426.08178666933,104.23644638434],[425.00198760859,116.84644475766],[416.23112492901,116.1560759237],[392.59131786416,113.79497666378]]]},{"type":"polygon","coords":[[[529.51095195516,58.365069621243],[534.61161102328,54.45482089743],[529.76142080943,48.125452502631],[543.50158555806,37.595826959237],[545.59105240024,40.304943039082],[555.8313323583,32.435781482607],[570.21158417902,51.17507490702],[561.64109658281,57.766371375881],[566.2118748748,63.69535293337],[550.37111133494,75.856393061578],[546.7810577568,71.175330285914],[542.1011863639,74.774996714666],[529.51095195516,58.365069621243]]]},{"type":"polygon","coords":[[[267.07191282531,57.785080696456],[272.13138368187,57.09470673278],[268.00143057338,26.534840662964],[281.28184582508,24.746222351678],[285.63109833031,56.926322824322],[281.41097643436,57.485731557943],[285.59102331367,88.466436531395],[271.47125910147,90.374779639766],[267.07191282531,57.785080696456]]]},{"type":"polygon","coords":[[[535.26171684952,5.6064844233915],[535.55114752564,27.604718755931],[560.83180388476,27.383946400136],[560.53124125962,5.8253849195316],[535.26171684952,5.6064844233915]]]},{"type":"polygon","coords":[[[227.84181107485,4.4652082743123],[287.71165961324,3.8249517958611],[289.41150823768,8.4054167224094],[229.53164094509,16.716144376434],[227.84181107485,4.4652082743123]]]},{"type":"polygon","coords":[[[239.53147080305,49.06653242372],[252.65158598791,47.386433394626],[258.29103139151,91.125020295382],[245.15199189319,92.805110063404],[239.53147080305,49.06653242372]]]},{"type":"polygon","coords":[[[236.36109170524,146.65572771057],[240.49104481368,133.38534400146],[277.99124167717,145.07480765134],[273.86128856879,158.32646273635],[236.36109170524,146.65572771057]]]},{"type":"polygon","coords":[[[466.16125613451,19.245657238178],[499.66174369387,19.545007818379],[499.46136861041,33.515312665142],[466.26144367625,33.326347944327],[466.16125613451,19.245657238178]]]},{"type":"polygon","coords":[[[481.93188839522,81.97619559709],[482.03096274199,55.085325244814],[498.28138200802,54.995520475321],[498.28138200802,81.886391131207],[481.93188839522,81.97619559709]]]},{"type":"polygon","coords":[[[545.811464992,260.68507067859],[559.54161098643,260.27534702048],[560.47112873456,292.074704431],[546.75100149433,292.48629731964],[545.811464992,260.68507067859]]]},{"type":"polygon","coords":[[[610.96119697875,178.43496046681],[630.28180780087,174.45554744266],[633.51118622877,190.09629425313],[614.17165109323,194.07569943555],[610.96119697875,178.43496046681]]]},{"type":"polygon","coords":[[[578.23104029574,139.57619685028],[599.66115546835,136.67628149409],[601.60145419289,150.93637121748],[580.18135777448,153.85499046184],[578.23104029574,139.57619685028]]]},{"type":"polygon","coords":[[[490.83188168411,206.01577390824],[503.06144094269,204.14487655926],[506.58136324154,203.65470138099],[509.2819740882,221.54607580323],[493.53137933588,223.91649746988],[490.83188168411,206.01577390824]]]},{"type":"polygon","coords":[[[538.18162709306,198.1561311651],[553.48137790768,194.69496729318],[557.4810872119,212.39553056099],[542.18133639725,215.85481582582],[538.18162709306,198.1561311651]]]},{"type":"polygon",