{"x":32355,"y":21202,"tile":[53.48150827154,-2.2686767578125],"tile_m":[-252547.94145422,7072565.3531708],"water":[{"type":"polygon","coords":[[[454.15099627283,156.1537487749],[454.4916339147,154.68344085198],[455.07160846167,153.78367213719],[456.55104449435,153.48250212334],[469.68117843341,154.98274020106],[479.83128960393,154.98274020106],[480.72184553026,160.34393779282],[482.52188169642,161.24370577466],[501.03097343061,161.24370577466],[503.1215534677,162.14347365405],[504.91157087966,163.62313327845],[506.11159499042,166.01378378924],[507.01105647601,169.90279821865],[507.01105647601,175.27333880682],[506.11159499042,181.54364145081],[504.31155882427,187.21347229648],[502.23099754137,192.29405631125],[499.54151864379,195.87253640126],[498.35151328723,198.26317719091],[498.65096271742,199.7634068029],[499.24095601865,201.55358067341],[501.03097343061,203.63369860407],[525.82182403028,222.45387745462],[531.19187626615,226.92275146302],[538.66141409837,232.01266307198],[541.34198743667,232.61312652286],[543.73090370905,232.31383009907],[546.11091442223,231.41407018341],[611.49664372945,281.88464526646],[611.49664372945,306.63439562451],[534.77191109004,246.04404160846],[534.97117297861,243.47383761127],[533.88135516373,238.8740308471],[531.79188832152,235.28247593436],[526.71126676173,232.31383009907],[522.43103234071,229.13380497415],[467.59171159123,186.03311523609],[465.51115030827,183.33381943032],[454.15099627283,156.1537487749]]]},{"type":"linestring","coords":[[611.49664372945,293.03335953131],[532.68133105297,232.08374597877],[481.9920009202,193.2723863693],[475.65124272465,183.32259574253],[467.08186832335,159.62374921236]]},{"type":"point","coords":[[252547.94145422,7072565.3531708],[252547.94145422,7072565.3531708]]},{"type":"multilinestring","coords":[[[454.19107128953,156.10324202105],[454.4415401438,154.72833576053],[455.06604248716,153.72755349893],[456.56662922306,153.47876087949],[469.69119718758,154.97899895627],[479.8168180701,154.97899895627],[480.69178926779,160.35329089314],[482.56640949275,161.22874081787],[501.06659566762,161.22874081787],[503.0670069172,162.10232002754],[504.94162714219,163.60255647823],[506.06595399918,165.97824204247],[507.06671622142,169.85229154583],[507.06671622142,175.22844402399],[506.06595399918,181.60350111593],[504.31601160392,187.22843720391],[502.19092252469,192.35391590372],[499.56600893175,195.85383029096],[498.31700424507,198.22763558943],[498.6910377341,199.72786521632],[499.19197544269,201.604087146],[501.06659566762,203.60376885068],[525.81625805571,222.47819532733],[531.19187626615,226.97886957787],[538.69147036088,231.97899222653],[541.31638395379,232.60377350636],[543.69194188734,232.35311276279],[546.06638662596,231.35234028939],[611.49664372945,281.88090408687]],[[611.49664372945,306.59885450732],[534.81643888637,246.10390079021],[534.94111671604,243.47757881135],[533.94146768874,238.8534542406],[531.81637860951,235.22822848056],[526.6912292534,232.35311276279],[522.44105109488,229.10387532227],[467.56610810835,185.97886744514],[465.56681005366,183.35252556577],[454.19107128953,156.10324202105]]]}],"buildings":[{"type":"polygon","coords":[[[162.82120969743,469.23334184103],[177.09125522219,444.71230595279],[169.81096052431,440.71306353249],[186.92187945411,409.54396898672],[193.8114427393,413.32250104472],[207.85105691815,388.76388109848],[240.9519075056,407.17396801151],[240.6613636346,408.07370800711],[378.81107809886,483.86287488043],[382.04156972168,487.19244134985],[380.26157106389,512.09306494985],[354.95197163717,514.26288722269],[352.05098570706,499.07224830706],[210.27114264804,422.49385131523],[192.980999338,453.56375582609],[207.42136368374,462.61347395834],[208.13158203498,461.19372762181],[239.46133952384,478.90406291001],[228.55091623118,501.69287408702],[199.30172002522,486.33386226371],[197.87126456859,488.31289626937],[162.82120969743,469.23334184103]]]},{"type":"polygon","coords":[[[414.96096953907,60.212779984809],[444.56193533589,31.127512044273],[514.55183878235,6.3861388312653],[488.94167673046,69.023504595272],[445.13189112875,69.023504595272],[414.96096953907,60.212779984809]]]},{"type":"polygon","coords":[[[53.851673354744,203.59254518989],[71.061666631402,148.09324055351],[144.33104227664,170.82314189058],[127.11103024587,226.32228758186],[53.851673354744,203.59254518989]]]},{"type":"polygon","coords":[[[6.6911710801942,281.35339741223],[21.311873000988,232.46347831469],[48.291264789674,240.54260685854],[51.041969407146,231.35234028939],[70.660916464578,237.21293690242],[67.611875611707,247.42267324682],[109.60158753896,259.97251254506],[97.871852794051,299.14269866981],[38.811296953674,281.49369174521],[36.22200559784,290.18258241471],[6.6911710801942,281.35339741223]]]},{"type":"polygon","coords":[[[534.7618923359,69.304100758396],[556.96122518988,7.2734007183462],[631.51188817414,33.462537075393],[617.56132958792,67.323091619648],[534.7618923359,69.304100758396]]]},{"type":"polygon","coords":[[[49.23908067905,228.81393179111],[22.378800745559,127.70342920814],[8.4010384587746,135.88367816526],[18.468147033942,236.98285292368],[49.23908067905,228.81393179111]]]},{"type":"polygon","coords":[[[149.89145084177,217.70253943093],[152.99169866033,211.13296814542],[162.26127265868,213.45252127293],[164.19155262908,207.26268000342],[200.51176289018,218.0934960898],[202.44092966561,213.83225449827],[187.75120966052,209.21372448094],[190.85145747918,200.32271927316],[231.02109573188,213.83225449827],[242.61168111331,222.34351176862],[229.48154717422,239.71393069997],[220.20195442167,257.883056405],[151.06141868999,235.08232152741],[156.08192772476,220.02396123949],[149.89145084177,217.70253943093]]]},{"type":"polygon","coords":[[[121.54171612143,304.74323383812],[135.60136780859,254.77225362603],[146.8112405315,259.80228830036],[139.37175896179,286.18326212186],[170.84177900909,295.05359467585],[173.20175221388,286.69393316098],[183.07133826759,289.45305267349],[184.75114938369,283.51392982434],[194.89124179998,286.37406229228],[188.83100872123,307.86336995102],[184.10104355746,306.5333840251],[180.27165307416,320.11382057704],[146.93146558155,310.72349364776],[144.30098601413,320.11382057704],[126.60118697799,315.12310637161],[128.93110392027,306.83267764561],[121.54171612143,304.74323383812]]]},{"type":"polygon","coords":[[[55.951158951095,353.80292992759],[61.70192384551,332.76268561557],[78.321923820971,337.28387369215],[76.421700113104,344.24242042098],[104.25157281139,351.84256812464],[90.121789845027,403.6928524375],[60.981686740066,395.74295890331],[71.290984782419,357.99301459454],[55.951158951095,353.80292992759]]]},{"type":"polygon","coords":[[[116.29188893561,395.40251622442],[123.24156474587,376.47238392942],[139.09123384496,355.62299822178],[163.42122175274,373.76380004734],[127.11103024587,430.55408085324],[116.68150715338,424.77406096086],[120.93168531189,398.12231610809],[116.29188893561,395.40251622442]]]},{"type":"polygon","coords":[[[568.95144754319,13.287002522498],[571.32143950218,22.567354833707],[580.32162033286,19.437736733817],[583.62113003994,28.976247893646],[629.89107638822,11.156320468523],[640.11131883788,7.746107975021],[635.00175421051,13.562542633153],[568.95144754319,13.287002522498]]]},{"type":"polygon","coords":[[[238.58191554653,177.39274655096],[243.66142391149,160.06334484834],[305.46155242025,177.39274655096],[294.12143589315,193.2125267908],[238.58191554653,177.39274655096]]]},{"type":"polygon","coords":[[[228.85147885629,120.59317166451],[233.99109974629,104.00254595932],[274.41120685331,116.4833987467],[269.28160471754,133.09270462301],[228.85147885629,120.59317166451]]]},{"type":"polygon","coords":[[[298.78126977777,132.49410427175],[302.28115456828,119.94406338967],[327.33137958153,126.90280068759],[323.84151354514,139.45283056423],[298.78126977777,132.49410427175]]]}],"roads":[{"type":"linestring",