{"x":32355,"y":21201,"tile":[53.484777029728,-2.2686767578125],"tile_m":[-252547.94145422,7073176.8493971],"water":[{"type":"polygon","coords":[[[0.00024351140018553,171.84804727044],[25.081150959217,188.09933171142],[59.111519294762,199.42862922605],[150.48144414296,203.01860635541],[180.9417964087,194.66007449385],[247.52198385214,172.52900425717],[272.30170250277,149.87967008259],[284.85186189483,125.98994963057],[283.05182572865,46.569675266743],[271.47014590655,5.0856731832027e-5],[334.55044855943,5.0856731832027e-5],[336.20131660791,78.22900081519],[334.85101118457,125.53909359965],[333.82130589476,161.80953723099],[333.22129383939,182.12974323612],[324.86120008081,198.25005378108],[266.94166902109,232.87952046003],[203.040941721,251.39989062678],[150.8510248524,259.1690795077],[134.96128073658,261.53930729907],[92.571931837359,257.96993479319],[65.930951300717,255.26858472172],[45.091942624218,253.16025891434],[2.8317243343918,244.19940033741],[0.00024351140018553,243.07882461697],[0.00024351140018553,171.84804727044]]]},{"type":"linestring","coords":[[0.00024351140018553,207.68800617382],[27.771743051708,219.7094531646],[74.94115088557,232.26030330174],[130.48178442704,234.63989286218],[174.6711694923,229.26897862088],[221.84169052108,217.91914545186],[267.83111175249,198.81876322068],[293.51140508358,165.97011393495],[303.06150419873,136.70946504176],[308.4415751888,94.908885402605],[304.25150955535,31.010294898413],[299.69408960227,5.0856731832027e-5]]},{"type":"multilinestring","coords":[[[0.00024351140018553,171.86675488856],[25.06667942545,188.09933171142],[59.066991498403,199.47352732997],[150.44136912629,202.97370826174],[180.9417964087,194.60021031741],[247.5665116485,172.47475219704],[272.31617403659,149.84973782022],[284.81623965775,125.97498345282],[283.06629726244,46.599607918411],[271.48016466072,5.0856731832027e-5]],[[334.57605204234,5.0856731832027e-5],[336.19129785374,78.225259246305],[334.81650214244,125.59895830322],[333.81685311513,161.84882326145],[333.19123757683,182.09981110506],[324.81667228448,198.22386321425],[266.94166902109,232.84958851989],[203.06654520385,251.34938058909],[150.81651581023,259.22520172503],[134.94124322818,261.59917098284],[92.566365862876,257.97367626894],[65.940970054915,255.223686927],[45.06633914134,253.09852443822],[2.8161396056821,244.22372000664],[0.00024351140018553,243.10688577686]]]}],"buildings":[{"type":"polygon","coords":[[[447.33156426682,258.37962700147],[450.02104316439,154.17868966702],[567.36180521472,154.17868966702],[569.16184138085,203.43952592369],[572.74187620473,233.5885334108],[593.94156003138,234.18904300965],[593.94156003138,221.06013436615],[602.00109116486,221.06013436615],[602.00109116486,217.47016539704],[581.10196996332,218.36999623012],[580.80140733818,201.05992700439],[614.24178237247,198.97029435262],[615.43178772906,255.08899354842],[576.62136045887,254.2097450383],[576.62136045887,257.4798007058],[567.67127339909,257.4798007058],[567.67127339909,254.2097450383],[524.6618749362,255.08899354842],[524.6618749362,260.17927928641],[494.51099085479,259.87996084429],[493.92099755365,252.10890192445],[461.37117844567,251.80958317779],[461.37117844567,258.37962700147],[447.33156426682,258.37962700147]],[[465.54120657078,229.11931882426],[503.4710966688,227.92016956024],[503.17164723857,218.95928247273],[525.56133642184,219.85911314003],[525.87191780115,232.099419076],[554.2316712756,226.42918341886],[546.76102024849,193.30003502127],[546.76102024849,174.48020760808],[472.71129497277,173.57850103546],[472.12130167161,167.91009432636],[466.74123068157,167.91009432636],[465.54120657078,229.11931882426]]]},{"type":"polygon","coords":[[[414.96096953907,671.70900626387],[444.56193533589,580.36871423479],[514.55183878235,605.1100874478],[488.94167673046,680.51973087434],[445.13189112875,680.51973087434],[414.96096953907,671.70900626387]]]},{"type":"polygon","coords":[[[21.311873000988,471.35871949047],[24.321952032042,464.35859282035],[31.321721613145,465.35941301845],[41.831394738954,425.31902378518],[119.89196126789,445.8499437999],[105.88129015663,494.89009951893],[21.311873000988,471.35871949047]]]},{"type":"polygon","coords":[[[503.7516217856,367.21857069805],[532.20154404765,322.26890393533],[536.18121584348,319.1391794337],[548.42190705112,319.69852657616],[548.99186284398,316.29941638466],[564.92168197653,317.43868902978],[576.30187352031,314.29960899521],[580.57097599222,348.45901873428],[566.91096127694,383.73883746658],[539.31151992458,374.06912599038],[533.62198075018,378.60934602749],[503.7516217856,367.21857069805]]]},{"type":"polygon","coords":[[[335.15157380974,314.77851520106],[374.87148131969,312.99009966385],[375.77094280528,318.83986321557],[438.06199026847,312.99009966385],[448.89115033287,316.12918022741],[455.66160176287,324.26870931685],[458.36109941461,334.64935611282],[447.53193935027,371.19945117272],[424.52108740839,365.32914834749],[429.48148391812,341.86847156007],[397.44150807805,342.77015900519],[395.18172241491,326.95881155878],[336.51189798725,331.03886057064],[335.15157380974,314.77851520106]]]},{"type":"polygon","coords":[[[597.51157610113,455.39984339103],[599.98175560185,444.66953425854],[625.33143004528,450.47991614416],[630.32188281754,428.79852741305],[648.03170060783,432.85981707834],[645.02162157683,445.93973722868],[648.04171936202,446.63002417795],[650.68110448876,435.12897524983],[676.78107230013,441.13017527666],[668.60131611666,476.75004748441],[653.31158405615,473.22940970305],[651.10189216392,482.8690693602],[644.58190958819,481.36877766997],[637.96173947069,510.15861484874],[620.30090225636,506.11981293],[627.63129072508,474.18907361105],[612.4016711897,470.68901229091],[614.99096254547,459.42931765784],[597.51157610113,455.39984339103]]]},{"type":"polygon","coords":[[[595.48110858904,123.44008719642],[661.70173407727,123.09025274683],[661.88095845742,157.35898986179],[643.40192298579,157.69946898241],[641.98148628324,165.86909276247],[638.67195782193,170.60024956521],[634.87151040629,172.37934338767],[630.73153854368,173.09023250081],[625.51176762034,171.76012149919],[622.18108845584,168.43016613461],[618.84150373202,158.73026007693],[595.68148367252,158.85934280418],[595.48110858904,123.44008719642]]]},{"type":"polygon","coords":[[[4.3412166295748,357.65921141207],[8.411057212943,336.00001775846],[47.671215225913,346.37877848931],[103.63152324769,356.30855345353],[103.63152324769,353.14891088568],[149.66101949583,353.59975398146],[149.22130750719,371.19945117272],[70.231223230105,368.03981453739],[16.981544809154,355.8502276428],[15.621220631612,360.81885217968],[4.3412166295748,357.65921141207]]]},{"type":"polygon","coords":[[[134.54160625627,457.97017679736],[138.18175360523,442.8100615032],[166.74188216316,449.65868084598],[220.50140385193,462.58891791757],[217.0315753239,477.02878015861],[205.7515713218,474.32002189476],[202.09138646451,489.53993895184],[143.56182459526,475.47984943539],[147.04167187746,460.98012220394],[134.54160625627,457.97017679736]]]},{"type":"polygon","coords":[[[568.29132296282,28.780307866633],[601.90090362314,28.580132819712],[602.19144749406,78.429174602032],[606.71101882032,78.408595985733],[606.7711313453,88.479014793411],[583.65118630248,88.609969443642],[583.55099876077,69.918977933936],[578.44143413339,69.960135204718],[578.29115282078,42.919762037694],[568.38149175036,42.979627364315],[568.29132296282,28.780307866633]]]},{"type":"polygon","coords":[[[568.95144754319,598.20922375657],[571.32143950218,588.92887144536],[580.32162033286,592.05848954525],[583.62113003994,582.51997838542],[629.89107638822,600.33990581054],[640.11131883788,603.75011830404],[635.00175421051,625.05876891222],[568.95144754319,598.20922375657]]]},{"type":"polygon",