{"x":32355,"y":21215,"tile":[53.438991491843,-2.2686767578125],"tile_m":[-252547.94145422,7064615.9022291],"water":[{"type":"linestring","coords":[[611.49664372945,354.05621294491],[583.66120505665,349.04248450417],[562.17097735897,336.50160906743],[540.67184410206,332.32131285872],[520.97163381637,335.91296668909],[467.81101098808,356.80133537482],[415.27155091838,369.95137432963],[395.55130312438,368.76288229227],[368.68100443663,362.18132409733],[353.16195422513,362.78304543812],[334.05173724069,375.32201066148],[318.52155508014,388.45146331564],[303.00139167375,403.98216130398],[291.65125639248,420.11267721932],[280.31113986528,442.79288960062],[268.96100458404,454.14138055127],[257.02198919645,454.74309491459],[239.70178962394,446.98247105442],[217.01153781559,445.19227550644],[202.08136771034,449.37251230143],[135.5011802669,464.56299215369],[102.0619184275,459.78291809838],[79.06108523978,450.83195073251],[56.381965380482,427.55191361532],[31.291665350611,416.20151598006],[8.9019761673117,419.17272798903],[0.00024351140018553,427.14454039093]]}],"buildings":[{"type":"polygon","coords":[[[342.41183099928,461.91134079825],[374.66108748209,419.51282892004],[369.28101649205,416.52293016296],[389.59125758728,392.04309175443],[407.50145046102,403.38231178839],[413.48153350642,393.24279246386],[439.75182013874,412.931312792],[448.71192595267,398.00235096645],[513.8015454144,446.38262478728],[488.12125208331,482.20140315313],[528.73171551959,513.26240205579],[516.19157488176,530.58303264994],[512.61154005784,526.40283860359],[502.45141013313,541.33155903872],[436.76177861603,492.37257626466],[429.60170896823,500.72178597189],[417.06156833036,490.58239093889],[398.55136340123,512.66256078891],[376.45110489408,544.32141080499],[348.39191404468,528.19301585015],[363.91096425618,501.32162814029],[359.13090532148,492.97241905797],[356.15199574787,482.80311539304],[356.15199574787,472.0619844785],[342.41183099928,461.91134079825]],[[396.85151477682,461.89265403431],[431.49191392187,487.06181655079],[457.08092527051,451.84290600382],[422.43162056617,426.67176317796],[396.85151477682,461.89265403431]]]},{"type":"polygon","coords":[[[533.5017557001,472.0619844785],[570.53107111756,414.73272774648],[534.69176105666,402.19195605721],[546.05191509213,365.77296442259],[611.14153455387,388.45146331564],[600.38139257382,422.50272655021],[596.21136444865,432.65155192092],[559.7809478917,489.98254796304],[533.5017557001,472.0619844785]]]},{"type":"polygon","coords":[[[417.18179338041,650.68278632499],[479.09101499018,565.96229803842],[498.57192587902,580.2014128156],[436.68162858262,664.92174918856],[417.18179338041,650.68278632499]]]},{"type":"polygon","coords":[[[302.36130460165,685.85223079193],[361.31165414615,604.62274326663],[378.00178540079,616.73153944407],[319.06145461043,697.96277174074],[302.36130460165,685.85223079193]]]},{"type":"polygon","coords":[[[571.56188960231,131.93173857126],[580.73127605894,110.72135181166],[616.701943119,126.27314930689],[607.52142471328,147.48162578419],[571.56188960231,131.93173857126]]]},{"type":"polygon","coords":[[[314.46173325091,3.0682013602927],[318.83102326456,9.8070458862931],[334.90110495544,0.63199369423091],[330.52179618762,7.3614854365587],[314.46173325091,3.0682013602927]]]}],"roads":[{"type":"linestring","coords":[[218.07129936793,273.14288258553],[145.59117891238,242.34256636631],[125.32101283383,237.9529229356],[14.321008979197,203.77192544937],[0.00024351140018553,201.20988641772]]},{"type":"linestring","coords":[[67.17105042818,116.78173506167],[93.820936524076,68.47233506199]]},{"type":"linestring","coords":[[218.07129936793,273.14288258553],[218.52103011069,214.61246221233],[214.85193969417,175.66233162489],[210.85111719507,142.14260413125],[202.99196114508,49.672496850602],[202.76152979914,46.381586203352],[202.47432551286,0.00034435465931892]]},{"type":"linestring","coords":[[391.0762595945,59.263036180288],[402.95182287224,66.831555729732],[413.90120798672,74.60189496167],[436.2218790857,95.141492417082]]},{"type":"linestring","coords":[[298.08997573992,0.00034435465931892],[391.0762595945,59.263036180288]]},{"type":"linestring","coords":[[436.2218790857,95.141492417082],[406.64095079715,84.502619212493],[394.35127901359,76.663145286962],[383.46757239872,69.929974734783]]},{"type":"linestring","coords":[[383.46757239872,69.929974734783],[270.40815796438,0.00034435465931892]]},{"type":"linestring","coords":[[436.2218790857,95.141492417082],[462.81165265653,111.99210785143]]},{"type":"linestring","coords":[[395.71382958093,52.761578690261],[404.97115843528,61.952197406441]]},{"type":"linestring","coords":[[374.40171306857,31.601437456906],[395.71382958093,52.761578690261]]},{"type":"linestring","coords":[[462.81165265653,111.99210785143],[518.09179858959,146.08193161525]]},{"type":"linestring","coords":[[404.11288516124,40.986433310434],[415.20141963917,43.651306658983],[438.25457298756,46.805797924288]]},{"type":"linestring","coords":[[438.25457298756,46.805797924288],[460.30139813916,49.821998720989],[527.5817851797,58.171673757955],[580.7613323215,61.442023038864],[611.49664372945,61.066400135867]]},{"type":"linestring","coords":[[311.53403064303,0.00034435465931892],[316.36195695872,3.1025270083919],[335.51113576503,15.343055175617],[351.91183634358,21.582914102823],[374.40171306857,31.601437456906],[395.40102181176,38.891535751522],[404.11288516124,40.986433310434]]},{"type":"linestring","coords":[[607.98562698989,161.94760936126],[606.00191366396,166.41204464622],[608.40196188548,175.06246485747],[611.49664372945,176.97418963537]]},{"type":"linestring","coords":[[611.49664372945,154.37170547154],[610.78197259858,155.65179827344],[608.16596456498,161.54022250045]]},{"type":"linestring","coords":[[608.16596456498,161.54022250045],[607.98562698989,161.94760936126]]},{"type":"linestring","coords":[[0.00024351140018553,504.37876696512],[72.361878283846,551.78295470402],[90.870970018033,552.97141935024],[142.22153792609,588.20296190493],[151.19166249421,604.92172610946],[156.30679309616,611.4956085477]]},{"type":"linestring","coords":[[241.56193831514,603.44176091533],[285.56208024605,546.22744071484]]},{"type":"linestring","coords":[[285.56208024605,546.22744071484],[291.67129390078,538.28190908115]]},{"type":"multilinestring","coords":[[[265.60138235192,544.64281980414],[231.50199593211,583.54255572986],[241.56193831514,603.44176091533],[245.62732611891,611.4956085477]],[[271.20520551846,611.4956085477],[307.77365824406,561.18228502013]]]},{"type":"linestring","coords":[[307.77365824406,561.18228502013],[312.94110900667,554.072057046]]},{"type":"linestring","coords":[[0.00024351140018553,469.21225611027],[29.251179084356,459.80160487164],[57.311483128666,458.02262427472],[77.011693414301,465.78136866633],[98.031039665919,477.72219602205],[115.83102624374,480.71207173727],[160.53136777176,473.18132012896]]},{"type":"linestring","coords":[[125.32101283383,237.9529229356],[65.611464362184,378.87253373116]]},{"type":"linestring","coords":[[145.59117891238,242.34256636631],[161.86163568677,190.00305825751],[156.43147092586,167.23242406454]]},{"type":"linestring","coords":[[570.2917342124,489.12295981403],[597.48819900805,507.85635436978]]},{"type":"linestring","coords":[[597.48819900805,507.85635436978],[611.49664372945,517.50426890515]]},{"type":"linestring","coords":[[611.49664372945,224.71857243683],[609.07099202511,222.1920460891],[518.09179858959,146.08193161525]]},{"type":"linestring","coords":[[533.43719039543,611.4956085477],[588.68171409145,541.01201856416],[611.49664372945,518.82541375887]]},{"type":"linestring","coords":[[210.85111719507,142.14260413125],[284.84184314063,187.49147079047]]},{"type":"linestring","coords":[[284.84184314063,187.49147079047],[294.89176676943,197.10239979904],[324.61184442145,222.46301233582],[342.57101787109,255.76189125702],[343.60183635584,257.68294022139],[442.14184960604,316.7923434265],[450.50194336462,329.35193706304]]},{"type":"linestring",