{"x":32355,"y":21213,"tile":[53.445535306201,-2.2686767578125],"tile_m":[-252547.94145422,7065838.8946817],"water":[],"buildings":[{"type":"polygon","coords":[[[284.34090543207,572.9653593367],[294.631279161,572.0645311242],[295.23129121636,580.1252579093],[328.82194756324,576.98544414248],[326.14137422497,544.44531293306],[336.89149745082,543.39496588707],[337.48149075205,550.25399124064],[370.03130986,547.7346550962],[368.09101113549,515.17384554353],[378.53166617692,513.83380707353],[379.13167823234,521.4553896822],[395.55130312438,519.51541912928],[394.2110164552,498.61491632648],[440.19153212738,494.28454504814],[441.5418375507,515.77377901599],[427.95195411463,517.12503087055],[432.28116911158,564.29535082169],[442.73184290726,563.39452162851],[445.87105254762,593.71428284887],[424.36190053658,595.80374989379],[423.62162592279,589.67551717069],[402.42194209609,590.87537280656],[401.23193673955,581.91382984538],[384.66091734005,582.96417179052],[385.56149202058,590.57447444927],[374.36163805184,591.61547058262],[371.38161528329,559.07539933175],[338.22176536583,561.60407658108],[341.66153763136,595.65423527919],[330.02197167402,595.95513343904],[329.27167830608,587.13376631867],[296.1218471427,590.57447444927],[296.87102731573,597.44467264228],[286.27118540241,598.47445428185],[284.34090543207,572.9653593367]],[[379.74170904187,531.30475118011],[383.09131251986,572.57475126255],[400.64194343836,571.15435811784],[397.29122676546,529.88435065839],[379.74170904187,531.30475118011]]]},{"type":"polygon","coords":[[[177.61111724417,555.58421611972],[188.10186605656,554.55442891363],[189.23175888805,566.18484906014],[232.67196378036,561.92553438712],[228.61102875625,520.59380359389],[235.58185526973,519.90416086093],[236.49133550946,529.17415030114],[277.20198648746,525.17459973413],[276.04092419846,513.42450657208],[287.60145331742,512.28444571234],[290.77183241516,544.61538690701],[280.68183376966,545.60405862145],[279.67105279327,535.30429865886],[242.01166905789,539.00481276307],[246.31194098727,582.70438972767],[231.04113324024,584.19393141195],[230.03146545874,573.95402751863],[195.66157267633,577.33493537363],[196.97180308294,590.79500864819],[181.23122708479,592.34435469378],[177.61111724417,555.58421611972]]]},{"type":"polygon","coords":[[[71.870959329477,447.78476856556],[117.68115618071,446.00551125966],[118.10194385593,456.92401462607],[129.06134772449,456.51471119281],[129.89179112579,478.13487460464],[73.131095965247,480.3252958972],[71.870959329477,447.78476856556]]]},{"type":"polygon","coords":[[[70.431598313531,419.89411683567],[124.29130754404,417.84385196585],[124.96145087856,435.31500728335],[119.08155537487,435.54489064217],[119.35094854265,442.47502998449],[71.361116061657,444.28419156838],[70.431598313531,419.89411683567]]]},{"type":"point","coords":[[252547.94145422,7065838.8946817],[252547.94145422,7065838.8946817]]},{"type":"polygon","coords":[[[25.489067318325,555.4739485234],[3.0009299603989,551.6444850266],[5.671484544524,571.50384961721],[6.3187378088187,573.11487438064],[5.8088945409982,576.85461853445],[22.318688220548,579.07491558883],[25.489067318325,555.4739485234]]]},{"type":"polygon","coords":[[[41.05104510847,545.75544313155],[70.271298246778,541.17465886474],[73.601977411279,562.40398319159],[44.39174302711,566.98475520965],[41.05104510847,545.75544313155]]]},{"type":"polygon","coords":[[[39.691834125872,437.61384064984],[51.211175033153,437.31480544992],[51.041969407146,430.99394634552],[41.631019655499,431.24438851792],[41.451795275294,424.25443224236],[57.010920503497,423.84512713458],[57.351558145339,437.05501860846],[60.121187076264,436.98399775103],[60.66108660656,457.52395249717],[40.231733656226,458.06408343278],[39.691834125872,437.61384064984]]]},{"type":"polygon","coords":[[[103.12167997984,536.65554718673],[131.20090833752,533.17556780018],[133.44176968726,551.32489575632],[126.73143078221,552.14536176343],[127.2512928042,556.3654339062],[115.33120173003,557.82507746853],[114.76124593717,553.24430016521],[105.31133436377,554.40491351672],[103.12167997984,536.65554718673]]]},{"type":"polygon","coords":[[[172.99135837625,447.12502299529],[176.22184999907,447.07456086483],[176.03149366981,436.28500290494],[199.31173877942,435.87382943742],[199.571113193,450.11537075229],[202.47098592814,450.0649086507],[202.59121097819,456.73524911888],[173.17169595131,457.2548214905],[172.99135837625,447.12502299529]]]},{"type":"polygon","coords":[[[12.64836405532,598.49501253851],[5.8918971362873,597.14377453178],[7.6819145482441,622.04539071117],[10.858346643392,623.38541092165],[12.64836405532,598.49501253851]]]},{"type":"polygon","coords":[[[22.038163103716,483.42403079383],[1.908259583608,481.12521069311],[0.13111348773236,498.91394921206],[19.998790032434,501.2146331165],[22.038163103716,483.42403079383]]]},{"type":"polygon","coords":[[[76.451756375638,540.14486977924],[93.511468339711,537.86475556903],[95.701122723607,554.23483975045],[78.641410759534,556.5355076259],[76.451756375638,540.14486977924]]]}],"roads":[{"type":"linestring","coords":[[19.060992897139,522.78421317413],[18.861731008656,518.52487521153]]},{"type":"linestring","coords":[[18.861731008656,518.52487521153],[5.1916975392087,226.79497022834]]},{"type":"linestring","coords":[[325.88199981139,476.80417468678],[314.37156446336,121.30493607651]]},{"type":"linestring","coords":[[132.84175763183,133.24438271485],[314.37156446336,121.30493607651],[503.08147845103,106.9656144958]]},{"type":"linestring","coords":[[144.75182995183,503.06489832327],[135.69153659613,221.61404629238],[132.84175763183,133.24438271485],[126.75480787529,0.00071012787520885]]},{"type":"linestring","coords":[[153.94459350151,611.49529342633],[145.20267388958,508.38767906651]]},{"type":"linestring","coords":[[145.20267388958,508.38767906651],[144.75182995183,503.06489832327]]},{"type":"linestring","coords":[[19.060992897139,522.78421317413],[25.77244499707,611.49529342633]]},{"type":"linestring","coords":[[0.00024351140018553,226.98561021592],[5.1916975392087,226.79497022834],[135.69153659613,221.61404629238]]},{"type":"linestring","coords":[[96.178683339094,512.31995580718],[103.43114816427,568.38459076546]]},{"type":"linestring","coords":[[95.971629086212,510.71452556178],[96.178683339094,512.31995580718]]},{"type":"linestring","coords":[[502.73082205505,611.49529342633],[572.15188290353,604.81386937667],[611.49664372945,602.04785162024]]},{"type":"linestring","coords":[[521.51153334675,452.11516519636],[503.08147845103,106.9656144958],[495.71658094015,0.00071012787520885]]},{"type":"multilinestring","coords":[[[0.00024351140018553,524.79146510456],[19.060992897139,522.78421317413],[74.813133471122,514.03565388639]],[[556.31445894833,447.73430644348],[611.49664372945,440.78921994474]]]},{"type":"linestring","coords":[[74.813133471122,514.03565388639],[95.971629086212,510.71452556178],[144.75182995183,503.06489832327],[286.91127247445,481.74383633118],[325.88199981139,476.80417468678],[521.51153334675,452.11516519636],[556.31445894833,447.73430644348]]}]}