{"x":32359,"y":21213,"tile":[53.445535306201,-2.2467041015625],"tile_m":[-250101.9565491,7065838.8946817],"water":[],"buildings":[{"type":"polygon","coords":[[[168.16350163525,648.954149344],[151.63367044737,648.39534218516],[152.18358873192,616.99554960988],[149.42397855507,616.7338997256],[149.42397855507,587.26459174789],[103.99338116747,585.05551060103],[107.86395986236,512.95539958403],[49.113985401316,510.91450350638],[49.253134764818,507.23453480192],[18.393145527079,506.16549329739],[18.282939231198,509.53521629423],[40.776503414236,507.47376085632],[41.216215402877,520.24430985283],[58.826958846388,519.62381826621],[58.376114908693,506.315009607],[115.41622199112,504.33391836006],[118.88605051918,604.32420954946],[111.27625012852,604.58399090823],[111.48664396614,610.94395934325],[118.46637603888,610.69539176207],[119.93690651227,653.10502002202],[89.646873067395,654.15535255522],[88.186361348198,612.13446711656],[100.76657700274,611.69526882656],[100.4960706401,603.95416125841],[62.336862391094,605.27549521625],[59.586157773621,525.83433881961],[44.356538238149,526.37446511164],[44.526857059071,531.19448325504],[43.036289077369,531.25428958423],[44.216275679762,565.24477235042],[53.786412303307,564.92518361472],[54.07695617422,573.47557941638],[44.906456522673,573.78395417798],[45.136887868604,580.57380263228],[55.126698972395,580.23552515451],[55.726711027761,597.69510957506],[100.95324587391,602.68515715189],[98.203654451354,647.01420993637],[35.693307591282,643.98468897678],[34.86397738487,670.43548905943],[167.32303947976,672.89498101082],[168.16350163525,648.954149344]],[[22.153517926083,528.37424034532],[20.042900380678,581.37557626516],[23.60658515431,579.63559655938],[21.497080803791,526.63424902409],[22.153517926083,528.37424034532]],[[87.183024862781,530.42447667476],[85.853870142717,571.15435811784],[42.594002825528,569.7339647254],[43.933176299819,529.00407599472],[87.183024862781,530.42447667476]]]},{"type":"polygon","coords":[[[206.53679117997,402.23416078463],[217.60640134447,401.86410307977],[216.61677107131,372.91544451285],[227.41698806806,372.53417152259],[227.8867563192,386.23382167891],[234.40673889496,386.01515077706],[234.96667593365,402.42479656078],[230.04635444059,402.59487358015],[230.42706709914,413.6741685383],[218.02607582475,414.1040329095],[217.97709524882,412.42382378038],[206.89635313521,412.79388099909],[206.53679117997,402.23416078463]]]},{"type":"polygon","coords":[[[27.997025871184,412.49484486319],[28.296475301438,391.15484986268],[41.736077424866,391.34548590425],[41.406571732165,414.16384013277],[31.186329282384,414.01432209276],[31.216385544947,412.53409335855],[27.997025871184,412.49484486319]]]},{"type":"polygon","coords":[[[205.01616693573,173.43428227492],[210.26599412158,173.2455100324],[210.12684475802,169.05513879377],[225.29635176843,168.53554755822],[225.85628880712,184.77556112874],[210.76693183012,185.30449645221],[210.54651923836,178.92549676448],[205.21654201919,179.09557857458],[205.01616693573,173.43428227492]]]},{"type":"polygon","coords":[[[124.54664662603,394.05550765153],[137.16693729724,394.01439008955],[137.19699355974,415.03478264529],[129.49702438156,415.03478264529],[129.49702438156,414.04422569927],[124.5767028885,414.04422569927],[124.54664662603,394.05550765153]]]},{"type":"polygon","coords":[[[66.786302438122,414.92451311089],[67.116921325767,394.9152385015],[79.736098802125,395.11521935649],[79.386555601028,416.12439514883],[71.696605176956,415.99543587584],[71.706623931183,415.00487904344],[66.786302438122,414.92451311089]]]},{"type":"polygon","coords":[[[182.15670950135,395.17502671201],[188.50637325624,395.15446793288],[188.50637325624,398.9840069022],[194.78701892676,398.9840069022],[194.80705643509,416.16551259626],[187.10708725697,416.17485747393],[187.10708725697,415.16561091412],[182.18676576385,415.16561091412],[182.15670950135,395.17502671201]]]},{"type":"polygon","coords":[[[162.38636793641,395.32454511058],[168.72601293714,395.30398632772],[168.72601293714,399.13539420813],[175.00665860772,399.13539420813],[175.02669611602,416.30381674599],[167.32672693787,416.32437547017],[167.32672693787,415.31512893829],[162.40640544481,415.31512893829],[162.38636793641,395.32454511058]]]},{"type":"polygon","coords":[[[143.58673233129,394.03494887613],[149.92637733198,394.03494887613],[149.92637733198,397.86448838376],[156.2170417567,397.86448838376],[156.22706051086,415.03478264529],[148.51707257851,415.03478264529],[148.51707257851,414.04422569927],[143.59675108545,414.04422569927],[143.58673233129,394.03494887613]]]},{"type":"polygon","coords":[[[105.0868864404,413.7339757653],[105.406373379,393.71535324864],[111.73599962553,393.82375410758],[111.68701904957,397.63460392505],[117.96655152523,397.75421860069],[117.68602640842,414.92451311089],[109.99607598444,414.79555381089],[110.00609473858,413.804996836],[105.0868864404,413.7339757653]]]},{"type":"polygon","coords":[[[86.34625016537,415.52445414942],[86.666850298876,395.5039671734],[93.006495299545,395.60489208903],[92.946382774535,399.43443084229],[99.227028445108,399.54470059555],[98.946503328276,416.72433610354],[91.256552904291,416.59537683148],[91.266571658431,415.59547520615],[86.34625016537,415.52445414942]]]},{"type":"polygon","coords":[[[48.156985653855,414.75443635229],[48.476472592418,394.74516132101],[54.816117593087,394.85543113761],[54.747099508822,398.68497025128],[61.03665073865,398.77468125429],[60.756125621818,415.95431842096],[53.056156443665,415.84404889029],[53.066175197833,414.83480229042],[48.156985653855,414.75443635229]]]},{"type":"polygon","coords":[[[9.1061082835658,411.89490359183],[9.9766267015948,391.90431115869],[16.296234193927,392.18465825636],[16.12702856792,396.01419865806],[22.40656104355,396.27398683876],[21.656267675629,413.45549839549],[13.966317251616,413.11534482986],[14.016411022458,412.1247876361],[9.1061082835658,411.89490359183]]]},{"type":"polygon","coords":[[[10.083145539335,410.92490498815],[9.2237590704754,390.94552399963],[2.8830008748628,391.20531234611],[3.0533196957549,395.04419811815],[3.2262127798749,395.30398632772],[2.4770326068392,412.47428613156],[5.2129178171745,412.14534637053],[5.1639372412174,411.15478906315],[10.083145539335,410.92490498815]]]},{"type":"polygon","coords":[[[202.26657551315,206.57402177714],[226.93608786786,205.7142705461],[227.34685678888,217.76386254095],[212.26640537116,218.28531957977],[212.03708722006,211.91382248607],[202.46695059657,212.25398467854],[202.26657551315,206.57402177714]]]},{"type":"polygon","coords":[[[207.13680323536,224.86427277979],[212.4767992087,224.68484685384],[212.26640537116,218.28531957977],[227.34685678888,217.76386254095],[227.75651251498,229.84520957712],[207.34608387804,230.53487750143],[207.13680323536,224.86427277979]]]},{"type":"polygon","coords":[[[207.99618970431,238.21467156988],[228.42665584956,237.5250043124],[228.83631157572,249.57454803772],[213.75697335287,250.10534805804],[213.52654200688,243.70397225209],[208.19656478771,243.89461183734],[207.99618970431,238.21467156988]]]},{"type":"polygon","coords":[[[209.0470456974,269.27393332403],[229.47639864773,268.56557866558],[229.8860543739,280.62442032062],[214.79669739687,281.14400422014],[214.57628480505,274.77442658134],[209.24630758588,274.95385137387],[209.0470456974,269.27393332403]]]},{"type":"polygon","coords":[[[205.64623525366,191.86478670221],[210.98623122697,191.69470516499],[210.76693183012,185.30449645221],[225.85628880712,184.77556112874],[226.26705772817,196.8345300369],[205.84661033703,197.54476011824],[205.64623525366,191.86478670221]]]},{"type":"polygon","coords":[[[208.63627677632,256.66558476817],[213.97627274971,256.47494548094],[213.75697335287,250.10534805804],[228.83631157572,249.57454803772],[229.25709925086,261.63528754376],[208.83665185975,262.345511836],[208.63627677632,256.66558476817]]]},{"type":"polygon",