{"x":32359,"y":21214,"tile":[53.442263525009,-2.2467041015625],"tile_m":[-250101.9565491,7065227.3984554],"water":[{"type":"linestring","coords":[[611.49594798265,215.31172202528],[482.29632057817,223.33855043352],[351.22652572836,229.93755043484],[316.52601405827,231.87931121886],[250.43674556923,235.44886059128],[0.00017393665621057,246.87140781805]]},{"type":"point","coords":[[250101.9565491,7065227.3984554],[250101.9565491,7065227.3984554]]}],"buildings":[{"type":"polygon","coords":[[[168.16350163525,37.457923060283],[151.63367044737,36.89911590144],[152.18358873192,5.499323326163],[149.42397855507,5.2376734418795],[149.42397855507,24.231634535827],[103.99338116747,26.440715682693],[107.86395986236,98.540826699696],[49.113985401316,100.58172277734],[49.253134764818,104.26169148181],[18.393145527079,105.33073298633],[18.282939231198,101.96100998949],[40.776503414236,104.02246542741],[41.216215402877,91.251916430891],[58.826958846388,91.872408017516],[58.376114908693,105.18121667672],[115.41622199112,107.16230792366],[118.88605051918,7.1720167342573],[111.27625012852,6.9122353754938],[111.48664396614,0.55226694047451],[118.46637603888,0.80083452165127],[119.93690651227,41.608793738298],[89.646873067395,42.659126271494],[88.186361348198,0.63824083283544],[100.76657700274,0.19904254283756],[100.4960706401,7.5420650253072],[62.336862391094,6.2207310674712],[59.586157773621,85.661887464114],[44.356538238149,85.121761172079],[44.526857059071,80.301743028685],[43.036289077369,80.241936699487],[44.216275679762,46.251453933306],[53.786412303307,46.571042669006],[54.07695617422,38.020646867342],[44.906456522673,37.712272105739],[45.136887868604,30.922423651442],[55.126698972395,31.260701129213],[55.726711027761,13.801116708666],[100.95324587391,8.8110691318288],[98.203654451354,35.517983652651],[35.693307591282,32.488462693058],[34.86397738487,58.939262775704],[167.32303947976,61.398754727095],[168.16350163525,37.457923060283]],[[22.153517926083,83.1219859384],[20.042900380678,30.120650018565],[23.60658515431,31.860629724339],[21.497080803791,84.861977259628],[22.153517926083,83.1219859384]],[[87.183024862781,81.071749608964],[85.853870142717,40.34186816588],[42.594002825528,41.762261558324],[43.933176299819,82.492150289007],[87.183024862781,81.071749608964]]]},{"type":"polygon","coords":[[[40.613629084342,21.499197435565],[31.003417444153,5.1292756320909],[25.563233929046,8.3176658274606],[18.713745660556,3.3407097207382],[64.69683559594,45.608279867098],[48.246041246457,73.658824807033],[40.613629084342,21.499197435565]]]},{"type":"point","coords":[[250101.9565491,7065227.3984554],[250101.9565491,7065227.3984554]]},{"type":"polygon","coords":[[[370.85660473484,374.52921585646],[387.85620417388,371.33910385612],[392.87671320865,398.05788750574],[375.87600057473,401.25920177717],[370.85660473484,374.52921585646]]]},{"type":"point","coords":[[250101.9565491,7065227.3984554],[250101.9565491,7065227.3984554]]}],"roads":[{"type":"linestring","coords":[[158.05603974461,259.6376547534],[170.30674970639,437.88827496395]]},{"type":"linestring","coords":[[161.18634382571,470.39830472227],[160.397088636,451.26905752718],[159.70690779309,439.15907651372]]},{"type":"linestring","coords":[[269.14621238684,278.63841202669],[267.53653254997,220.01755629014]]},{"type":"linestring","coords":[[168.5389961926,611.49657063466],[169.29708192492,593.98790376633],[167.67627013897,525.24793247785],[164.98122526685,502.47089966107]]},{"type":"linestring","coords":[[164.98122526685,502.47089966107],[161.18634382571,470.39830472227]]},{"type":"linestring","coords":[[89.576741788187,325.43835223652],[90.836878423957,457.13902779017]]},{"type":"linestring","coords":[[159.70690779309,439.15907651372],[170.30674970639,437.88827496395],[246.45707377334,430.9175510928],[261.06664374506,417.30873688962],[267.93616952191,408.4093596423],[272.38672276385,392.22898797877],[273.99640260069,372.8285704907],[269.14621238684,278.63841202669]]},{"type":"linestring","coords":[[589.37676516204,326.34848331846],[588.84688438586,408.48785061948]]},{"type":"linestring","coords":[[467.70567491988,0.00093285739421844],[469.05709353817,35.288106415421],[424.94674531129,36.958921347745],[423.5608176509,0.00093285739421844]]},{"type":"linestring","coords":[[573.75641421395,146.78900206089],[569.13554215111,0.00093285739421844]]},{"type":"linestring","coords":[[296.05658609117,217.74873900041],[298.39652178765,279.62890958134]]},{"type":"linestring","coords":[[0.00017393665621057,451.08217524458],[67.086865063262,447.89770046994],[90.836878423957,457.13902779017]]},{"type":"linestring","coords":[[128.45396075284,0.00093285739421844],[130.62691721314,46.679169967771]]},{"type":"linestring","coords":[[288.75402749519,611.49657063466],[289.81601543733,579.44871035311],[288.58704825895,520.12927285209],[283.88602616277,441.28766864724],[277.49628739123,281.6285929624]]},{"type":"linestring","coords":[[90.836878423957,457.13902779017],[69.846475239989,472.24843462091],[0.00017393665621057,477.06998325605]]},{"type":"linestring","coords":[[275.63613870009,218.04775944073],[267.76251111631,0.00093285739421844]]},{"type":"linestring","coords":[[267.53653254997,220.01755629014],[264.70679109398,120.95896961726],[259.59611327166,8.6092184465379],[261.45069598829,0.00093285739421844]]},{"type":"linestring","coords":[[340.22704684307,437.26782472432],[423.60645864217,421.3790493235],[473.76702119361,414.22890313994],[588.84688438586,408.48785061948],[611.49594798265,409.59793726914]]},{"type":"linestring","coords":[[90.836878423957,457.13902779017],[160.397088636,451.26905752718],[283.88602616277,441.28766864724],[300.20657670801,440.9288542103],[340.22704684307,437.26782472432]]},{"type":"linestring","coords":[[298.39652178765,279.62890958134],[300.20657670801,440.9288542103],[301.12607570193,462.88938922808]]},{"type":"linestring","coords":[[0.00017393665621057,263.30250386521],[57.136015781201,260.4992028093],[158.05603974461,259.6376547534],[339.44669721261,253.03867942933],[611.49594798265,237.33829157799]]},{"type":"linestring","coords":[[290.39710317928,0.00093285739421844],[292.2962136922,117.48842053954],[296.05658609117,217.74873900041]]},{"type":"linestring","coords":[[301.12607570193,462.88938922808],[308.66685800828,520.42828190047],[308.66685800828,578.82827116828],[307.41228734702,611.49657063466]]},{"type":"linestring","coords":[[611.49594798265,145.40975782461],[573.75641421395,146.78900206089],[377.21628724385,153.29835881758]]},{"type":"linestring","coords":[[565.61895943698,611.49657063466],[605.46688436129,594.41772527806],[611.49594798265,597.07140538003]]},{"type":"linestring","coords":[[522.29786639984,611.49657063466],[490.10649605223,526.14869662561]]},{"type":"linestring","coords":[[433.68643853345,548.72756873909],[490.10649605223,526.14869662561],[526.20629372157,510.35914594121]]},{"type":"linestring","coords":[[468.98696225893,340.17797759641],[473.76702119361,414.22890313994]]},{"type":"linestring","coords":[[277.49628739123,281.6285929624],[275.63613870009,218.04775944073]]}]}