{"x":32359,"y":21218,"tile":[53.429173880415,-2.2467041015625],"tile_m":[-250101.9565491,7062781.4135503],"water":[],"buildings":[{"type":"polygon","coords":[[[364.59599657261,66.104015372694],[385.46617470655,40.954279244877],[366.4160702471,25.123786414973],[385.206800293,2.4831187920645],[392.57615058351,8.6131821470335],[403.41644259699,17.594342307188],[413.88604070604,26.284030148759],[400.66685117438,42.222884584218],[413.7268538342,53.063006210141],[420.33700519754,45.103869750164],[445.37609826165,65.874209807254],[438.80602191508,73.782880385406],[444.12709357496,78.203362323344],[459.9166501491,59.183688828722],[467.40622548969,65.412730325013],[451.60665016135,84.434257239103],[459.79642509905,91.233120207675],[450.07600716298,102.9438163992],[442.74673188911,96.853060808033],[432.10681495909,109.69408700615],[424.23652696001,103.15306926519],[438.82605942339,85.562730632722],[430.7565095358,78.862884562463],[423.63651490468,87.414248734713],[411.93683642228,77.702648514882],[396.01703604392,96.8941640798],[390.38649619962,92.202784442343],[380.92656587201,103.61267823633],[375.2960260277,98.943722527474],[400.41638232008,68.714082978666],[386.83651763824,57.433054504916],[373.50600861575,73.502629965544],[364.59599657261,66.104015372694]]]},{"type":"polygon","coords":[[[458.77673856338,151.29416112322],[505.67675322946,103.7826961726],[519.26663666553,117.21410216764],[515.186777328,121.34310125466],[527.88610483767,133.90383957233],[532.88657636405,128.84442215506],[547.83678397757,143.6041611461],[520.92641027324,170.8535565706],[541.33683891018,190.99394781701],[513.96671570887,218.70278294105],[503.49600440482,208.3729345277],[522.64629640602,188.98364760727],[513.45687244102,179.90366077237],[508.41632589788,185.02283158526],[503.38691130388,180.0531256618],[497.56601513026,185.9326984575],[488.74617187475,177.22263387032],[508.6267197355,157.08407602459],[492.47648801125,141.13424217515],[470.75694216252,163.14302406553],[458.77673856338,151.29416112322]]]},{"type":"polygon","coords":[[[586.40676114766,289.62320976332],[603.08687364814,263.88380141091],[606.01680264584,265.78385349177],[618.38662446276,246.69363400154],[615.53684549843,244.84402134363],[632.75685752928,218.25439045392],[654.71685347805,232.47402496357],[646.47698476954,245.19339265302],[655.14654671255,250.82443406526],[641.19710132122,272.36397136003],[639.76664586453,271.42422176152],[626.07657488674,292.55268057808],[611.85662313286,283.34390036855],[601.45604310802,299.39433589391],[586.40676114766,289.62320976332]]]},{"type":"polygon","coords":[[[387.73709231871,583.95302744582],[404.03649216067,558.52282963041],[406.24618405293,560.37423747126],[434.25639432631,578.02330743428],[442.8869944475,564.33299808111],[458.76671980915,574.49424386676],[433.79664482936,613.46331360843],[387.73709231871,583.95302744582]]]},{"type":"polygon","coords":[[[378.41631135461,144.75317765493],[405.19644125475,113.42326808441],[439.70659659558,142.92409276497],[412.93648544958,174.2538859481],[378.41631135461,144.75317765493]]]},{"type":"polygon","coords":[[[361.4167119156,626.93308998365],[376.85672528864,603.52443484962],[382.26685254119,607.09271793626],[383.84647611552,604.70327619277],[388.66661006687,607.88297099527],[387.08698649248,610.29296209384],[389.31671589304,611.742692817],[388.69666632934,612.70295246411],[392.73645065023,615.35394102335],[389.38684717228,620.43359879591],[384.79603137198,617.42391596735],[383.01603271419,620.11413530912],[411.37689938358,638.82421199046],[417.04640104968,630.24355024565],[424.4268832893,635.10275042709],[413.68677881753,651.41402309854],[408.42693287757,647.93356537167],[406.78608358328,650.44442714285],[402.55705612802,647.65333521366],[399.60708962203,652.12393914722],[361.4167119156,626.93308998365]]]},{"type":"polygon","coords":[[[406.24618405293,560.37423747126],[424.55601389863,531.3027877342],[452.57624292618,548.95379053429],[442.8869944475,564.33299808111],[434.25639432631,578.02330743428],[406.24618405293,560.37423747126]]]},{"type":"polygon","coords":[[[559.84704383928,323.51383287646],[574.48667007353,301.13370717876],[601.806699504,319.64276129473],[599.85638202535,322.45265127812],[597.43629629546,325.96314407792],[581.79702103388,339.0429388741],[559.84704383928,323.51383287646]]]},{"type":"point","coords":[[250101.9565491,7062781.4135503],[250101.9565491,7062781.4135503]]},{"type":"polygon","coords":[[[446.68632866829,209.30335007608],[460.8862429139,194.02434363589],[481.78647731032,213.43416958582],[467.58656306477,228.72434848547],[446.68632866829,209.30335007608]]]},{"type":"polygon","coords":[[[430.98694088173,523.06389599387],[441.53668902421,507.70329086389],[466.63700780825,525.17312781792],[456.49691539191,540.04422385246],[430.98694088173,523.06389599387]]]},{"type":"polygon","coords":[[[402.28654976541,453.86434087344],[409.667032005,444.05417156219],[418.49689401474,450.70326687954],[421.79640372185,446.31288425345],[438.8861719484,459.11411227658],[428.2562737726,473.38375807554],[414.20664083952,462.85433875397],[402.28654976541,453.86434087344]]]},{"type":"polygon","coords":[[[441.53668902421,507.70329086389],[447.22622819868,499.50360759906],[472.30650947438,516.78290293179],[466.63700780825,525.17312781792],[441.53668902421,507.70329086389]]]},{"type":"polygon","coords":[[[451.75693147397,492.2529806355],[456.8564773472,484.43440227117],[482.35643310318,501.0038009081],[477.25688722997,508.82423118968],[451.75693147397,492.2529806355]]]},{"type":"polygon","coords":[[[425.12708288638,428.88397538755],[429.63663545839,423.33339513931],[452.52614915531,441.1938818628],[446.02620408792,449.68320372701],[431.0069783901,438.02346157376],[433.2166702823,435.18372047041],[425.12708288638,428.88397538755]]]},{"type":"polygon","coords":[[[447.22622819868,499.50360759906],[451.75693147397,492.2529806355],[477.25688722997,508.82423118968],[472.30650947438,516.78290293179],[447.22622819868,499.50360759906]]]},{"type":"polygon","coords":[[[429.63663545839,423.33339513931],[434.71614382332,416.8131865235],[457.59675196098,434.67368791252],[452.52614915531,441.1938818628],[429.63663545839,423.33339513931]]]},{"type":"polygon","coords":[[[399.27647073439,472.09280269686],[403.14704942924,466.75336417742],[422.76599648668,480.95387136377],[416.38627646927,489.77382889856],[404.38603536176,481.08277994115],[406.9163273875,477.61345701013],[399.27647073439,472.09280269686]]]},{"type":"point","coords":[[250101.9565491,7062781.4135503],[250101.9565491,7062781.4135503]]},{"type":"polygon","coords":[[[403.14704942924,466.75336417742],[407.15677748763,461.93329413328],[412.10604204828,465.65296859853],[414.20664083952,462.85433875397],[428.2562737726,473.38375807554],[422.76599648668,480.95387136377],[403.14704942924,466.75336417742]]]},{"type":"point","coords":[[250101.9565491,7062781.4135503],[250101.9565491,7062781.4135503]]},{"type":"polygon","coords":[[[463.3464036604,98.794256117195],[470.86603526352,88.983648190275],[483.71675728069,98.833491053432],[476.17708816929,108.66277008597],[463.3464036604,98.794256117195]]]},{"type":"polygon","coords":[[[420.60639836526,439.51432525553],[425.05695160717,433.67417346593],[431.0069783901,438.02346157376],[446.02620408792,449.68320372701],[441.56674528672,455.43366792426],[420.60639836526,439.51432525553]]]},{"type":"point","coords":[[250101.9565491,7062781.4135503],[250101.9565491,7062781.4135503]]},{"type":"polygon","coords":[[[417.60633808837,443.16301675513],[420.60639836526,439.51432525553],[441.56674528672,455.43366792426],[438.8861719484,459.11411227658],[421.79640372185,446.31288425345],[417.60633808837,443.16301675513]]]},{"type":"point","coords":[[250101.9565491,7062781.4135503],[250101.9565491,7062781.4135503]]},{"type":"point","coords":[[250101.9565491,7062781.4135503],[250101.9565491,7062781.4135503]]},{"type":"point","coords":[[250101.9565491,7062781.4135503],[250101.9565491,7062781.4135503]]},{"type":"point",