{"x":32359,"y":21219,"tile":[53.425900839266,-2.2467041015625],"tile_m":[-250101.9565491,7062169.917324],"water":[],"buildings":[{"type":"polygon","coords":[[[80.656710990967,182.02677807305],[156.80703505795,71.856483174488],[164.56600356617,77.517104999162],[166.05657154793,74.527998268604],[169.03659431645,76.327067012899],[172.61662914036,70.066754388623],[174.11610268135,70.967223412357],[192.62630761045,41.087290061638],[203.67699346153,34.236597985961],[215.62602760328,29.156956389546],[228.75616154235,28.256482621655],[235.92624994428,29.446527806111],[249.95695856391,35.127730065025],[215.32657817303,86.187376336195],[229.94616689888,96.036464292556],[221.88663576546,106.47775456309],[236.51624324554,114.84721689206],[150.52638938732,241.74810883775],[130.81616034746,228.29739785194],[128.43614963433,231.2864467036],[122.15661715867,227.1073824605],[123.9566533248,224.43778685108],[82.156184531894,197.54749243427],[88.716242124385,190.69693531748],[86.167025785195,189.12767679058],[88.41679269413,186.20773419924],[80.656710990967,182.02677807305]],[[128.62650596359,149.21796548832],[156.15692923169,167.26824687328],[160.76666934538,160.22711011302],[154.1264617196,155.87800474185],[158.72618307918,148.86674867664],[165.36639070502,153.21772606112],[169.5364188301,146.84725170024],[142.00599556204,128.81747387629],[128.62650596359,149.21796548832]],[[190.28637191397,81.898012515157],[205.53602895772,91.887219889089],[207.80694656991,88.41799406521],[210.33612540073,90.076945535839],[222.13710461973,72.06758895237],[204.35604235533,60.408190156333],[190.28637191397,81.898012515157]],[[154.36691181973,109.9581815917],[181.89622189291,127.97679315787],[187.26627412875,119.77734916937],[193.95657552546,124.14702428877],[200.34631429694,114.39698488079],[166.12670282708,91.976892909966],[154.36691181973,109.9581815917]],[[104.33659307248,186.32729681209],[131.86701634055,204.34760327358],[144.09657559911,185.66783426981],[116.57617108524,167.62693555094],[104.33659307248,186.32729681209]]]},{"type":"polygon","coords":[[[387.73709231871,27.543198837899],[404.03649216067,52.973396653309],[406.24618405293,51.121988812461],[434.25639432631,33.472918849438],[442.8869944475,47.163228202611],[458.76671980915,37.001982416958],[433.79664482936,1.9670873247087],[387.73709231871,27.543198837899]]]},{"type":"polygon","coords":[[[361.4167119156,15.436863699928],[376.85672528864,7.9717914341018],[382.26685254119,4.4035083474591],[383.84647611552,6.7929500909522],[388.66661006687,3.6132552884519],[387.08698649248,1.2032641898841],[389.31671589304,0.24646653328091],[388.69666632934,1.2067261803895],[392.73645065023,3.8577147396281],[389.38684717228,8.9373725121841],[384.79603137198,5.9276896836236],[383.01603271419,8.6179090254009],[411.37689938358,27.327985706739],[417.04640104968,18.747323961928],[424.4268832893,23.606524143368],[413.68677881753,39.917796814814],[408.42693287757,36.437339087948],[406.78608358328,38.948200859129],[402.55705612802,36.15710892994],[399.60708962203,40.627712863497],[361.4167119156,15.436863699928]]]},{"type":"point","coords":[[250101.9565491,7062169.917324],[250101.9565491,7062169.917324]]},{"type":"polygon","coords":[[[269.08609986183,44.308066067286],[274.38602081846,35.807755319402],[280.96611591923,39.917796814814],[275.66619496263,48.418103167787],[269.08609986183,44.308066067286]]]},{"type":"point","coords":[[250101.9565491,7062169.917324],[250101.9565491,7062169.917324]]}],"roads":[{"type":"linestring","coords":[[418.35663145635,57.079065293074],[443.9467559999,15.817977703176],[419.37075201745,0.00013712514191866]]},{"type":"linestring","coords":[[418.01599381454,57.626446748152],[418.35663145635,57.079065293074]]},{"type":"linestring","coords":[[0.00017393665621057,10.25445868168],[26.676776710403,23.806421970017]]},{"type":"linestring","coords":[[30.016361434158,473.69643200655],[103.20670024093,522.62737651169]]},{"type":"linestring","coords":[[91.256552904291,382.64667365886],[163.13666130445,428.43788881414]]},{"type":"linestring","coords":[[125.7967645076,331.27695529908],[0.00017393665621057,262.37248811312]]},{"type":"linestring","coords":[[151.65628221887,292.82697632071],[221.87661701129,340.68672891613]]},{"type":"linestring","coords":[[112.64770625514,611.49549772218],[375.32608229021,229.73774589971],[460.48660594196,102.64797532093],[336.91640518693,17.327487897128]]},{"type":"linestring","coords":[[210.98623122697,204.5979369143],[288.71617886829,248.60796267632]]},{"type":"linestring","coords":[[69.616043894115,146.79681098182],[15.71625964687,127.60689361393]]},{"type":"linestring","coords":[[89.31625417975,120.22758087702],[28.706131027546,100.06801081635]]},{"type":"linestring","coords":[[49.616384178138,174.57652549911],[2.4369575901364,155.75657350384],[15.71625964687,127.60689361393],[28.706131027546,100.06801081635],[42.496389547014,70.847659067251],[54.876230118127,44.618187125772],[66.62600237134,19.737472643144],[70.616806116304,11.278236147016],[75.934538191475,0.00013712514191866]]},{"type":"linestring","coords":[[107.83647786302,93.34814274963],[42.496389547014,70.847659067251]]},{"type":"linestring","coords":[[119.17659439013,66.77686564438],[54.876230118127,44.618187125772]]},{"type":"linestring","coords":[[129.02614293553,42.888234577142],[66.62600237134,19.737472643144]]},{"type":"linestring","coords":[[39.131201340322,0.00013712514191866],[38.316342667735,1.5579495150596],[26.676776710403,23.806421970017],[13.356286442053,49.307365460321],[0.00017393665621057,42.322170109488]]},{"type":"linestring","coords":[[38.316342667735,1.5579495150596],[35.273980984377,0.00013712514191866]]},{"type":"linestring","coords":[[47.093884516798,0.00013712514191866],[70.616806116304,11.278236147016]]},{"type":"linestring","coords":[[184.06917835315,0.00013712514191866],[205.16644824835,7.9472224824131],[198.906953281,24.067970523611],[165.75600892279,29.446527806111],[87.490614530718,0.00013712514191866]]},{"type":"linestring","coords":[[0.00017393665621057,518.33824838791],[30.016361434158,473.69643200655],[91.256552904291,382.64667365886],[125.7967645076,331.27695529908],[151.65628221887,292.82697632071],[210.98623122697,204.5979369143],[268.69648164406,118.76666295994],[336.91640518693,17.327487897128],[348.56932948309,0.00013712514191866]]},{"type":"linestring","coords":[[471.71651617315,301.79778293427],[375.32608229021,229.73774589971]]},{"type":"linestring","coords":[[428.79506010801,611.49549772218],[584.71693127742,391.4081496615],[611.49594798265,354.26241402794]]},{"type":"linestring","coords":[[265.28565244615,611.49549772218],[464.95608349727,311.82781273406],[471.71651617315,301.79778293427],[611.49594798265,94.429823315702]]},{"type":"linestring","coords":[[268.69648164406,118.76666295994],[342.94658200315,160.12809699774]]},{"type":"linestring","coords":[[611.49594798265,77.965470911935],[514.80606466945,16.787576487288]]},{"type":"linestring","coords":[[336.91640518693,17.327487897128],[296.98610383933,3.6578164054081],[285.57029005847,0.00013712514191866]]},{"type":"linestring","coords":[[611.49594798265,591.3297023112],[605.93665261244,587.01819443423]]},{"type":"linestring","coords":[[464.95608349727,311.82781273406],[584.71693127742,391.4081496615],[611.49594798265,410.09303911123]]},{"type":"linestring","coords":[[514.80606466945,16.787576487288],[525.93578735896,0.00013712514191866]]}]}